N,P,K,temperature,humidity,ph,rainfall,label
95.0,46.8,41.9,26.55,81.8,6.41,279.48,rice
97.7,45.2,41.6,22.57,81.1,6.6,192.17,rice
72.8,44.7,37.0,24.13,79.78,5.94,276.64,rice
87.7,47.8,35.7,22.41,82.83,6.04,249.39,rice
84.0,46.0,38.2,27.2,82.46,6.08,260.56,rice
77.8,48.5,34.1,20.84,83.09,6.8,244.28,rice
88.8,46.0,35.6,22.06,81.12,6.92,248.59,rice
72.4,49.1,38.8,22.15,84.34,6.91,263.28,rice
81.6,46.0,41.0,25.45,81.06,6.43,212.34,rice
78.0,51.6,44.1,23.36,85.51,6.64,223.87,rice
93.6,55.2,39.9,26.63,74.64,6.83,242.18,rice
87.0,48.0,34.0,23.06,83.57,7.09,227.04,rice
81.9,45.0,42.7,24.16,80.91,6.71,242.43,rice
99.7,44.0,39.0,22.72,78.11,6.62,246.53,rice
90.1,46.3,35.8,22.66,81.47,6.18,235.97,rice
94.0,56.9,40.5,24.02,82.28,5.73,239.34,rice
90.6,59.8,39.4,24.1,82.4,6.03,268.57,rice
97.5,51.5,37.3,26.31,78.29,6.73,294.76,rice
80.1,44.7,40.3,22.49,77.85,6.53,213.44,rice
94.7,42.9,44.6,21.93,81.53,6.83,209.23,rice
92.3,54.0,35.2,23.87,83.28,6.81,209.08,rice
76.8,50.1,40.9,24.0,83.54,6.23,245.81,rice
92.9,43.9,45.6,24.45,78.93,6.76,215.63,rice
97.9,53.3,37.5,25.43,83.74,6.83,287.42,rice
87.5,43.7,37.3,21.87,82.27,6.64,246.92,rice
98.3,47.6,44.4,22.97,90.66,6.75,218.57,rice
79.3,49.9,39.3,24.93,83.92,6.47,218.83,rice
74.9,45.3,42.6,23.93,78.76,6.57,249.63,rice
81.2,48.3,40.2,21.21,83.57,6.72,267.08,rice
100.5,40.6,37.2,24.53,84.04,6.71,300.0,rice
95.7,53.2,42.9,24.8,81.55,6.8,220.68,rice
87.6,45.1,40.2,28.13,76.9,6.77,199.68,rice
85.3,52.9,40.2,21.34,80.35,6.77,221.74,rice
92.2,47.7,38.0,27.79,84.4,5.69,244.66,rice
83.4,51.8,37.6,23.27,84.01,6.85,209.99,rice
86.7,45.1,38.0,27.03,83.71,6.0,262.95,rice
111.2,52.7,35.4,22.53,86.3,6.22,251.1,rice
97.7,42.9,39.8,17.02,79.43,6.4,208.81,rice
106.3,40.3,38.7,23.76,86.82,5.93,269.08,rice
90.1,42.6,41.4,23.9,80.7,6.53,230.37,rice
91.1,50.8,44.8,21.02,88.9,5.72,236.21,rice
95.9,48.9,38.1,23.08,81.02,6.26,261.24,rice
93.6,44.0,42.7,24.11,84.94,6.75,219.28,rice
84.4,51.2,41.8,23.46,82.85,7.01,225.21,rice
95.5,46.5,39.3,25.7,84.98,6.83,272.64,rice
90.2,50.9,39.1,24.15,82.11,6.54,254.88,rice
81.8,58.0,37.0,21.07,85.97,6.82,255.6,rice
96.3,47.4,37.3,23.65,80.47,6.89,236.32,rice
81.7,45.9,41.2,22.37,80.03,6.6,246.12,rice
84.9,45.1,40.7,20.6,78.28,6.21,234.66,rice
93.1,54.9,42.6,23.18,82.44,6.1,239.54,rice
87.1,49.1,37.5,24.54,87.1,6.46,250.04,rice
96.9,45.5,40.7,23.53,82.79,6.19,240.61,rice
95.0,54.8,42.9,27.81,80.2,6.85,244.58,rice
111.9,43.5,37.5,22.3,76.13,6.29,221.02,rice
91.5,49.2,45.6,25.4,80.77,6.14,252.3,rice
76.8,56.7,43.5,22.56,77.36,7.04,237.14,rice
102.4,39.5,38.2,23.51,82.64,6.32,255.57,rice
79.3,46.8,40.4,24.53,84.63,6.05,201.65,rice
102.8,49.2,37.8,26.6,82.85,6.97,241.69,rice
110.6,56.3,39.3,25.44,84.44,7.05,215.88,rice
96.9,52.8,34.7,21.13,76.38,6.39,257.94,rice
105.0,47.9,44.9,20.74,77.39,6.48,249.6,rice
89.7,37.2,39.7,20.89,84.51,6.65,216.5,rice
84.9,42.2,39.8,25.41,79.54,6.7,226.74,rice
82.1,47.0,36.9,22.39,78.91,7.29,240.88,rice
83.0,48.6,39.7,23.06,84.34,6.8,226.74,rice
84.2,46.1,33.1,20.47,86.6,7.16,233.77,rice
95.8,49.1,49.2,25.74,82.12,6.12,199.84,rice
92.0,43.7,35.7,22.21,79.26,7.17,262.04,rice
89.9,54.9,40.2,21.78,87.07,6.72,214.07,rice
88.1,43.1,35.9,25.35,88.23,5.94,254.07,rice
83.5,45.1,38.2,21.77,82.65,6.17,246.76,rice
89.5,46.3,37.3,22.35,84.77,6.7,215.56,rice
91.0,51.3,35.0,24.59,80.51,6.73,220.92,rice
72.0,39.4,40.1,24.02,79.79,6.76,198.46,rice
89.3,41.4,38.0,23.59,79.92,6.35,265.16,rice
84.2,51.7,36.6,24.56,86.82,5.51,220.08,rice
95.8,46.5,41.1,22.29,82.76,6.44,269.19,rice
92.5,49.2,38.8,22.52,81.2,6.66,229.48,rice
92.9,57.9,42.6,22.85,86.1,6.34,189.05,rice
79.9,38.1,38.9,23.54,87.53,6.63,234.52,rice
98.3,36.4,40.7,25.04,78.06,6.96,248.46,rice
85.8,50.7,46.8,23.86,83.24,6.32,218.75,rice
98.3,43.2,40.2,22.54,83.94,6.63,265.94,rice
84.9,46.2,37.1,22.61,83.63,6.8,216.95,rice
98.7,54.3,41.2,27.25,80.18,6.0,195.53,rice
105.0,50.8,39.8,24.06,79.12,7.48,243.23,rice
91.1,51.1,41.4,23.95,80.13,6.69,287.05,rice
103.5,55.5,38.5,21.52,82.12,6.52,267.35,rice
73.1,55.1,39.5,22.65,79.46,5.84,260.58,rice
90.7,41.1,36.1,22.83,87.51,6.4,202.42,rice
87.5,46.1,31.9,23.39,81.81,6.78,286.22,rice
101.3,46.2,36.7,28.65,82.68,6.51,239.4,rice
92.0,46.8,38.3,22.41,82.4,6.28,222.18,rice
91.1,46.2,44.5,18.2,85.77,7.0,188.17,rice
86.6,45.6,35.8,21.94,79.17,7.2,263.39,rice
102.7,51.1,36.6,22.45,83.97,6.01,257.82,rice
87.6,45.6,42.1,24.39,81.42,6.96,212.97,rice
96.2,50.5,39.1,24.15,78.75,6.87,235.38,rice
75.8,52.7,18.6,19.68,57.22,6.43,72.2,maize
94.0,37.1,23.4,22.92,64.52,6.09,88.99,maize
79.7,53.0,20.2,22.8,63.18,6.23,88.08,maize
66.3,40.8,21.5,22.84,64.08,6.26,88.48,maize
75.7,43.6,20.4,20.54,67.04,5.74,95.29,maize
83.8,48.8,22.0,25.83,70.07,5.7,72.2,maize
75.0,47.6,21.0,21.05,65.93,6.02,78.88,maize
68.7,42.9,17.3,20.55,70.27,5.97,111.32,maize
83.9,48.4,18.3,23.9,62.12,6.29,110.6,maize
79.2,53.2,18.6,22.43,73.85,6.06,103.12,maize
85.7,44.7,21.3,24.45,68.11,5.78,77.73,maize
78.0,47.1,21.2,22.86,58.32,6.36,91.11,maize
84.5,52.9,21.7,23.42,64.65,5.75,89.3,maize
81.7,48.9,17.4,20.34,70.27,6.24,91.82,maize
80.2,47.6,21.9,21.47,65.48,6.11,80.66,maize
77.5,48.6,19.0,25.01,60.53,6.19,80.6,maize
91.6,48.5,22.1,19.53,66.34,6.52,85.82,maize
88.5,44.9,22.8,27.1,63.19,6.12,99.53,maize
92.6,44.9,19.2,21.94,58.28,5.97,74.96,maize
73.9,47.3,20.5,25.6,60.01,6.55,82.86,maize
79.6,50.9,17.8,23.26,65.83,6.4,87.89,maize
99.6,44.3,18.9,21.25,62.22,6.06,96.89,maize
91.4,44.6,18.3,23.44,62.24,6.44,87.03,maize
67.9,55.2,23.6,21.27,63.06,6.34,88.34,maize
85.3,57.6,19.6,20.9,58.1,6.03,84.67,maize
94.4,44.9,20.4,22.47,70.94,7.01,79.69,maize
76.1,52.7,21.4,26.19,67.92,6.14,90.91,maize
88.9,51.6,21.0,24.63,70.85,6.66,91.49,maize
78.7,48.2,22.4,20.87,66.84,6.13,85.29,maize
90.2,48.5,20.1,19.78,68.73,6.44,106.63,maize
77.5,48.6,20.5,25.65,64.52,6.33,91.08,maize
81.5,45.3,20.4,24.65,59.87,6.29,78.0,maize
89.6,39.9,18.9,23.25,72.83,6.23,79.45,maize
95.0,40.3,15.6,23.38,62.49,5.94,92.08,maize
82.0,44.7,17.4,24.24,68.25,6.22,103.47,maize
71.4,39.9,18.6,22.41,66.22,6.18,88.52,maize
70.0,54.7,19.8,24.73,66.71,6.39,90.7,maize
83.6,50.7,22.7,22.89,68.55,6.22,99.4,maize
74.6,56.5,19.9,19.64,65.64,6.05,93.41,maize
74.8,45.3,16.2,21.6,52.88,5.77,92.6,maize
86.3,49.6,18.1,22.4,64.98,5.9,100.03,maize
87.0,46.4,20.1,22.92,54.79,6.18,78.18,maize
72.0,46.1,23.6,23.78,62.14,6.42,98.99,maize
87.4,47.8,18.7,23.9,66.97,6.52,91.35,maize
88.4,44.8,22.6,22.9,75.38,6.04,102.36,maize
81.6,44.2,19.0,21.86,67.12,6.41,79.26,maize
79.8,58.2,23.5,23.37,65.19,6.29,91.14,maize
71.8,46.2,16.7,23.3,68.24,6.11,100.74,maize
70.2,40.2,20.4,24.59,73.42,6.11,95.79,maize
79.7,46.6,21.8,23.8,57.12,6.69,98.8,maize
75.0,49.5,21.0,23.02,62.25,6.05,84.74,maize
89.4,50.2,19.3,24.04,50.76,6.59,67.6,maize
77.1,41.9,17.4,24.82,62.66,6.35,84.53,maize
83.8,47.9,17.4,24.49,62.53,5.78,80.72,maize
92.0,51.8,19.3,21.8,63.39,6.87,88.82,maize
83.4,52.7,20.5,21.98,64.02,6.23,84.63,maize
85.8,47.8,21.5,22.34,65.39,5.65,94.16,maize
82.8,52.5,14.2,26.68,64.3,6.58,74.6,maize
84.9,42.2,18.8,26.33,64.05,6.32,93.7,maize
84.0,48.3,20.7,27.31,64.71,6.31,95.51,maize
88.8,53.4,21.3,20.21,73.17,5.91,88.03,maize
74.0,47.2,20.7,23.14,67.11,6.73,89.54,maize
78.0,52.3,22.4,20.04,67.99,6.46,82.02,maize
91.0,46.7,20.3,22.15,65.08,5.92,70.6,maize
92.8,43.3,18.0,18.19,61.81,5.85,101.42,maize
88.1,44.1,24.5,24.46,63.38,5.5,107.91,maize
68.9,39.3,22.0,27.38,71.92,6.42,90.95,maize
86.8,51.3,20.6,22.71,64.69,6.02,82.19,maize
66.5,47.0,18.0,20.29,65.9,6.67,94.18,maize
67.4,42.6,21.9,20.54,63.88,6.42,75.32,maize
80.8,40.8,18.8,23.14,57.04,6.38,84.8,maize
84.4,48.6,22.7,22.75,62.85,6.29,90.43,maize
80.4,47.7,18.6,21.17,57.99,6.77,72.56,maize
74.5,43.9,21.8,21.91,71.24,6.05,87.79,maize
73.3,58.2,17.6,23.12,68.17,6.37,83.15,maize
79.0,47.7,19.7,24.43,76.05,6.08,71.3,maize
79.3,60.4,18.4,25.78,73.39,6.08,90.69,maize
93.0,45.6,19.6,21.34,59.93,6.06,72.76,maize
80.3,43.7,20.5,19.39,66.65,6.5,65.06,maize
83.0,53.6,17.6,25.85,67.1,6.04,84.44,maize
84.5,47.9,21.1,20.66,65.85,5.83,83.89,maize
72.8,43.8,22.5,24.68,68.05,5.92,81.84,maize
89.7,48.2,24.6,23.29,65.96,6.16,86.34,maize
78.8,51.0,21.9,20.93,58.34,5.7,90.08,maize
71.2,36.7,20.8,27.49,64.97,6.5,85.82,maize
79.2,52.1,19.4,23.03,66.61,6.05,94.92,maize
78.6,43.7,21.1,20.7,65.14,6.25,95.86,maize
83.8,47.4,21.6,25.28,67.79,6.25,71.88,maize
71.5,46.0,18.8,22.13,65.28,6.41,84.3,maize
83.9,47.8,16.0,20.62,64.28,5.89,91.0,maize
92.2,53.6,19.6,25.48,65.74,6.15,78.87,maize
77.6,45.6,20.3,22.82,65.02,6.38,96.91,maize
87.6,40.1,14.9,24.37,58.17,6.18,73.3,maize
65.6,50.2,21.5,21.35,52.04,6.09,88.92,maize
68.2,48.4,20.0,23.66,65.6,5.96,96.97,maize
78.7,47.4,18.1,21.61,60.58,6.2,102.12,maize
69.0,39.4,22.9,22.08,61.65,6.56,78.94,maize
94.6,50.9,19.0,26.81,61.97,6.47,87.99,maize
90.4,55.3,20.1,20.99,67.3,6.05,105.13,maize
81.1,45.7,20.4,19.81,60.14,6.61,78.43,maize
34.8,70.7,83.6,20.08,18.99,7.02,68.63,chickpea
47.5,65.6,79.2,20.99,18.11,7.63,97.32,chickpea
36.8,73.1,80.2,19.4,20.06,7.65,84.31,chickpea
45.4,65.3,77.5,17.43,14.0,8.43,71.17,chickpea
38.9,65.8,80.9,20.22,18.72,7.11,78.66,chickpea
41.4,66.0,84.8,19.74,18.47,7.73,89.39,chickpea
40.9,59.7,81.2,18.02,15.94,7.69,89.91,chickpea
40.1,69.4,85.1,19.36,22.2,7.68,65.91,chickpea
43.8,69.8,83.9,20.01,16.72,6.79,78.33,chickpea
35.7,64.0,81.8,21.5,17.79,6.8,83.56,chickpea
46.0,63.8,79.6,19.02,15.43,7.72,79.03,chickpea
42.1,62.2,78.7,20.08,16.25,8.26,76.8,chickpea
41.1,73.1,75.7,16.36,14.0,8.03,75.59,chickpea
52.8,64.1,80.6,21.31,21.01,8.43,89.67,chickpea
45.1,71.1,82.3,18.17,15.36,7.4,78.64,chickpea
37.7,71.7,82.9,19.13,19.96,6.83,78.45,chickpea
36.4,56.3,79.8,18.82,20.03,7.72,71.81,chickpea
49.3,74.8,81.7,18.66,15.08,7.21,88.71,chickpea
49.4,76.8,78.5,17.32,17.28,6.52,82.59,chickpea
39.3,64.7,75.2,19.77,15.93,6.82,57.02,chickpea
39.9,78.1,85.0,18.31,15.8,7.63,72.01,chickpea
41.5,72.1,83.7,18.85,16.59,6.96,73.38,chickpea
38.9,69.7,82.7,17.8,19.99,7.26,79.83,chickpea
36.3,53.0,82.7,20.11,16.44,7.43,84.13,chickpea
32.2,64.3,82.4,17.12,17.59,6.72,83.73,chickpea
39.8,57.8,83.5,17.9,15.38,7.5,89.19,chickpea
34.9,67.9,81.3,20.04,17.35,7.22,73.38,chickpea
40.4,61.1,71.2,19.65,18.81,6.22,71.92,chickpea
43.1,79.8,80.1,17.91,16.63,8.09,74.83,chickpea
36.0,64.6,77.1,19.18,20.25,7.56,77.98,chickpea
38.5,58.1,82.6,18.88,16.64,9.0,82.39,chickpea
36.2,64.9,83.4,19.17,14.12,7.86,74.65,chickpea
49.4,74.0,78.7,20.92,17.14,7.83,83.88,chickpea
35.8,63.6,83.1,18.5,16.19,6.92,83.39,chickpea
50.3,61.1,80.1,21.12,16.84,7.63,71.5,chickpea
42.1,66.4,83.0,20.78,22.18,7.69,82.61,chickpea
41.0,65.4,81.0,18.56,17.34,8.06,71.95,chickpea
45.7,75.4,79.6,15.82,15.78,8.05,79.82,chickpea
35.0,64.5,82.5,19.82,16.52,7.22,76.87,chickpea
35.4,77.2,79.0,20.83,20.04,7.9,76.55,chickpea
42.0,67.4,77.3,19.49,14.64,7.99,76.28,chickpea
41.0,69.2,79.2,19.88,16.05,7.84,69.23,chickpea
40.6,79.1,77.0,17.98,18.03,7.49,82.81,chickpea
42.4,71.3,83.3,19.61,16.52,7.74,95.2,chickpea
39.3,61.7,83.3,18.82,14.0,7.82,75.72,chickpea
39.5,69.5,80.6,20.06,16.13,7.66,77.92,chickpea
43.7,71.2,77.2,20.63,15.93,7.8,82.94,chickpea
49.2,66.2,79.0,18.97,16.39,7.8,67.07,chickpea
34.7,61.1,82.9,21.57,16.79,7.32,80.56,chickpea
45.8,61.9,80.7,20.46,18.0,7.49,88.01,chickpea
26.5,71.6,78.0,16.25,18.02,8.09,78.9,chickpea
44.8,77.2,83.9,21.46,18.48,7.44,67.18,chickpea
38.8,62.4,86.5,18.74,17.25,7.68,80.35,chickpea
48.5,63.8,80.6,17.89,14.36,7.09,79.7,chickpea
37.9,63.3,75.8,18.88,14.0,7.78,80.66,chickpea
32.7,65.6,77.7,19.48,19.68,6.46,80.92,chickpea
39.2,71.5,80.6,17.87,16.36,7.0,88.61,chickpea
40.1,78.9,79.8,17.94,14.0,6.5,67.33,chickpea
41.3,70.6,75.3,20.34,16.03,7.47,92.9,chickpea
44.5,65.9,77.3,15.77,15.56,7.29,72.1,chickpea
39.3,68.0,79.3,18.02,17.34,7.62,71.28,chickpea
47.1,66.9,80.1,20.06,17.47,7.88,82.3,chickpea
36.9,69.7,76.6,19.16,16.93,7.3,78.97,chickpea
30.6,64.2,80.3,19.24,14.94,8.03,73.07,chickpea
44.8,70.1,78.1,21.66,14.61,7.86,88.0,chickpea
36.6,75.9,79.2,19.43,17.52,7.33,86.49,chickpea
44.0,57.0,83.9,16.51,19.07,7.96,71.27,chickpea
37.9,60.9,79.4,18.54,18.56,8.06,91.17,chickpea
37.2,66.2,74.9,17.79,18.93,8.21,70.13,chickpea
37.0,67.3,80.8,17.79,17.85,7.16,79.88,chickpea
42.7,67.5,78.7,18.84,16.82,7.21,77.93,chickpea
48.0,70.9,79.1,20.05,16.33,7.99,82.96,chickpea
39.5,70.2,75.3,17.31,14.61,7.47,93.86,chickpea
51.2,71.3,81.5,16.3,15.91,7.01,75.03,chickpea
39.2,64.7,74.1,20.12,14.85,7.52,96.59,chickpea
35.4,52.3,79.1,20.65,20.92,6.79,83.97,chickpea
37.7,66.9,87.9,16.75,17.51,7.63,88.69,chickpea
40.5,69.3,78.8,19.4,16.31,7.71,77.04,chickpea
41.9,67.3,83.4,18.92,14.0,8.03,72.75,chickpea
36.7,63.9,84.1,15.8,23.28,7.93,81.79,chickpea
39.7,69.2,81.6,19.97,18.11,7.44,78.42,chickpea
39.2,66.3,83.4,19.89,14.0,7.73,81.56,chickpea
39.9,65.2,83.4,20.42,15.45,7.6,72.23,chickpea
33.1,63.7,82.6,20.43,18.03,7.76,84.13,chickpea
36.8,70.1,82.4,20.13,19.38,7.75,82.81,chickpea
45.4,67.3,77.4,18.76,15.51,7.06,78.84,chickpea
36.0,65.7,74.3,19.32,17.0,6.99,85.27,chickpea
44.7,57.9,77.7,17.85,15.12,7.81,78.45,chickpea
38.7,55.5,81.9,17.14,17.12,7.54,90.89,chickpea
33.5,49.4,80.6,21.7,19.48,7.5,76.07,chickpea
44.0,61.7,81.4,19.76,19.12,8.78,83.14,chickpea
37.5,67.3,74.7,17.96,16.18,7.14,81.22,chickpea
35.9,74.2,80.0,18.99,16.34,7.48,86.6,chickpea
35.7,63.6,79.1,16.98,15.36,7.16,87.0,chickpea
41.3,68.7,82.6,18.79,17.78,7.35,82.12,chickpea
37.1,52.9,79.6,21.13,18.85,7.88,89.89,chickpea
40.4,68.7,78.1,18.53,18.23,8.0,78.88,chickpea
37.7,67.5,81.8,16.83,14.0,7.12,70.23,chickpea
37.5,66.6,78.6,21.18,17.65,7.55,84.98,chickpea
34.3,73.7,79.8,20.01,14.86,6.62,86.54,chickpea
29.0,63.0,18.3,22.25,19.12,6.08,94.19,kidneybeans
30.1,65.9,21.2,18.91,21.17,5.76,92.97,kidneybeans
30.5,64.9,19.5,18.01,16.38,5.71,133.95,kidneybeans
30.6,67.4,19.5,20.04,22.59,5.51,118.37,kidneybeans
30.4,71.1,20.9,20.04,22.85,5.87,100.75,kidneybeans
25.2,68.0,23.1,17.52,18.56,5.78,105.61,kidneybeans
28.2,68.7,19.6,22.98,18.3,5.58,103.76,kidneybeans
20.9,66.6,23.3,20.04,21.96,5.5,97.6,kidneybeans
26.0,65.9,22.6,21.12,19.28,5.8,110.98,kidneybeans
32.1,75.4,18.0,18.38,18.98,5.7,110.6,kidneybeans
31.4,67.1,19.4,20.3,19.83,6.17,85.71,kidneybeans
28.2,77.6,20.0,19.62,20.79,5.71,121.47,kidneybeans
18.7,75.2,17.2,19.47,20.64,5.87,85.82,kidneybeans
29.3,77.6,17.3,20.38,20.18,5.84,105.23,kidneybeans
24.9,69.9,23.6,19.62,22.94,5.49,93.52,kidneybeans
29.4,74.9,20.7,19.37,21.5,5.5,112.25,kidneybeans
31.0,65.2,19.1,20.53,20.63,5.74,130.2,kidneybeans
26.5,65.7,18.7,21.49,21.14,5.62,120.86,kidneybeans
33.2,64.5,16.3,22.02,20.13,5.91,81.36,kidneybeans
31.1,61.4,21.5,20.03,19.59,5.67,113.24,kidneybeans
27.9,70.4,24.0,16.87,24.73,5.77,94.21,kidneybeans
22.2,66.6,21.8,19.74,24.52,5.46,104.85,kidneybeans
22.5,69.3,21.8,19.16,16.29,5.79,110.24,kidneybeans
29.1,73.7,17.9,21.36,23.89,5.39,108.84,kidneybeans
25.5,67.1,20.7,19.03,20.15,5.76,91.95,kidneybeans
23.2,70.9,17.7,21.33,22.43,5.4,96.87,kidneybeans
32.3,62.6,19.1,20.92,23.07,5.7,97.83,kidneybeans
33.2,76.2,22.0,20.17,19.88,5.58,111.27,kidneybeans
29.2,74.5,21.3,16.99,23.6,5.55,100.39,kidneybeans
28.5,77.5,26.2,21.21,21.13,5.86,115.65,kidneybeans
26.2,76.5,20.5,21.0,22.83,5.83,115.07,kidneybeans
25.0,64.7,17.8,20.88,23.06,5.84,125.09,kidneybeans
27.5,70.8,17.8,19.23,22.89,5.92,101.47,kidneybeans
27.2,59.9,19.3,21.78,22.65,5.85,105.6,kidneybeans
27.5,64.2,21.4,20.84,22.48,5.64,79.16,kidneybeans
31.9,65.1,18.3,21.39,20.72,5.96,112.4,kidneybeans
30.2,60.7,22.4,20.52,20.76,5.78,83.69,kidneybeans
29.1,62.4,17.3,16.96,23.73,5.62,123.4,kidneybeans
25.4,59.0,17.8,22.47,21.19,5.64,106.92,kidneybeans
29.5,73.1,22.9,19.28,18.85,5.67,108.12,kidneybeans
23.6,62.7,20.7,19.9,21.57,5.6,102.24,kidneybeans
23.8,72.0,22.1,16.31,19.64,5.45,97.2,kidneybeans
27.2,60.3,18.2,17.99,21.91,5.76,96.34,kidneybeans
28.2,64.8,19.5,23.35,24.18,5.49,114.96,kidneybeans
30.7,61.8,21.6,23.08,19.25,5.57,117.21,kidneybeans
28.6,70.3,20.7,20.78,18.85,5.96,119.04,kidneybeans
26.6,67.3,16.9,21.03,22.64,5.74,118.49,kidneybeans
26.2,70.3,18.0,19.95,21.15,5.8,100.57,kidneybeans
27.0,71.6,19.1,16.79,25.0,6.03,89.49,kidneybeans
30.3,65.0,20.5,20.59,21.03,5.59,96.71,kidneybeans
23.8,63.3,19.9,18.57,22.86,6.05,98.04,kidneybeans
28.5,70.0,20.9,20.15,22.99,5.85,90.15,kidneybeans
31.0,71.9,18.5,20.08,22.87,5.71,117.88,kidneybeans
37.0,63.6,17.2,20.61,22.94,5.7,122.44,kidneybeans
22.1,71.0,18.8,23.44,25.49,5.6,98.41,kidneybeans
30.9,65.6,19.9,20.05,17.66,5.75,96.72,kidneybeans
25.5,74.7,17.5,21.63,20.94,5.69,114.48,kidneybeans
28.9,70.4,21.9,19.34,20.28,5.53,95.1,kidneybeans
39.3,73.7,17.3,17.36,22.46,5.86,111.59,kidneybeans
26.5,66.9,20.7,20.17,17.06,5.7,94.78,kidneybeans
28.2,82.4,20.7,19.37,23.34,5.85,110.04,kidneybeans
29.9,77.8,17.7,20.95,19.65,5.86,93.98,kidneybeans
25.8,66.0,22.0,21.84,19.01,5.76,96.49,kidneybeans
22.5,66.4,19.4,24.85,22.37,5.47,98.22,kidneybeans
31.6,77.9,16.8,16.24,25.24,5.83,94.58,kidneybeans
29.6,54.3,20.0,20.66,23.35,5.55,106.03,kidneybeans
23.8,68.8,18.2,19.18,19.51,5.88,115.3,kidneybeans
26.6,67.7,17.1,19.4,21.4,6.27,91.66,kidneybeans
33.4,72.5,20.6,23.52,22.24,5.83,104.36,kidneybeans
32.4,73.0,18.7,17.36,21.09,5.59,104.24,kidneybeans
32.4,65.2,19.9,20.12,23.2,5.3,97.72,kidneybeans
28.3,73.5,19.0,16.25,22.74,5.62,90.72,kidneybeans
25.0,66.6,18.8,15.59,23.29,6.0,112.82,kidneybeans
22.9,66.5,20.0,21.2,22.84,5.6,105.98,kidneybeans
29.3,74.8,21.4,21.58,21.67,6.03,109.92,kidneybeans
24.1,74.5,21.4,19.11,20.54,5.81,110.56,kidneybeans
28.3,69.1,23.4,22.14,21.88,5.94,92.61,kidneybeans
29.1,76.5,19.6,18.3,20.2,5.53,95.58,kidneybeans
26.0,60.5,20.0,21.8,19.68,6.05,111.13,kidneybeans
31.6,64.2,21.7,17.82,23.28,5.78,111.64,kidneybeans
22.8,63.0,21.2,18.1,22.43,5.48,115.18,kidneybeans
22.6,70.3,21.3,18.61,22.66,5.8,98.53,kidneybeans
23.5,57.7,20.7,16.87,21.69,5.7,113.15,kidneybeans
26.3,65.9,21.5,20.67,22.13,5.84,86.57,kidneybeans
30.5,70.6,18.0,19.51,21.42,5.72,109.01,kidneybeans
33.2,72.9,17.4,21.24,24.16,5.83,118.09,kidneybeans
35.5,72.6,20.5,22.09,21.79,5.75,100.78,kidneybeans
33.8,63.4,23.1,21.0,18.7,5.82,79.8,kidneybeans
30.0,71.9,18.8,20.25,25.41,5.65,92.29,kidneybeans
33.4,77.3,20.0,22.02,24.18,5.6,99.18,kidneybeans
32.4,75.9,21.1,18.24,25.47,5.64,100.98,kidneybeans
28.9,75.3,21.7,20.83,22.43,5.76,111.7,kidneybeans
17.4,66.0,20.5,17.7,22.27,5.71,126.07,kidneybeans
33.8,65.2,19.7,19.85,20.6,5.79,95.9,kidneybeans
23.0,70.6,21.3,18.39,23.29,5.62,108.04,kidneybeans
30.8,67.3,20.9,18.97,21.11,5.71,96.04,kidneybeans
26.8,59.8,19.0,19.43,20.99,5.7,104.26,kidneybeans
29.4,71.9,18.7,17.59,19.42,5.65,100.78,kidneybeans
24.4,61.0,19.1,20.36,22.69,5.64,100.04,kidneybeans
23.8,67.3,18.3,21.15,17.93,5.68,108.61,kidneybeans
28.2,81.0,22.2,30.49,47.02,5.11,143.79,pigeonpeas
24.2,72.1,20.4,32.27,44.32,6.87,140.18,pigeonpeas
34.8,71.6,22.5,33.24,49.47,5.04,140.82,pigeonpeas
30.9,67.3,18.7,32.4,56.02,6.62,144.07,pigeonpeas
31.3,65.7,18.1,30.65,55.31,5.86,141.35,pigeonpeas
26.3,77.0,24.8,36.94,46.7,6.15,122.25,pigeonpeas
33.4,61.7,21.9,30.31,44.56,5.58,135.88,pigeonpeas
25.3,64.8,23.2,30.29,48.6,6.61,137.3,pigeonpeas
24.6,66.3,23.9,32.89,44.84,6.24,128.47,pigeonpeas
30.2,69.5,20.9,30.82,43.07,6.27,163.43,pigeonpeas
25.0,69.8,17.3,31.33,47.34,5.55,130.95,pigeonpeas
24.8,69.0,21.1,28.02,36.9,5.7,151.87,pigeonpeas
16.5,65.0,20.4,35.28,45.57,6.19,147.12,pigeonpeas
19.0,71.3,21.9,33.52,67.13,4.96,170.87,pigeonpeas
26.4,68.9,21.4,31.65,44.65,6.16,122.24,pigeonpeas
30.5,65.4,19.2,31.6,53.79,5.73,150.38,pigeonpeas
24.6,71.3,22.9,36.2,46.62,6.33,146.47,pigeonpeas
32.7,63.9,23.0,32.11,47.18,6.05,148.78,pigeonpeas
27.0,68.6,24.7,34.47,51.85,5.77,131.66,pigeonpeas
31.3,71.9,24.4,31.29,46.35,5.18,139.11,pigeonpeas
31.5,65.2,22.8,32.12,49.12,5.43,146.28,pigeonpeas
15.5,66.6,18.2,34.91,51.39,6.23,167.82,pigeonpeas
23.7,76.2,23.4,32.03,53.18,5.45,132.63,pigeonpeas
25.1,64.9,19.4,34.95,46.21,6.18,136.44,pigeonpeas
20.2,68.9,17.7,32.36,40.66,6.99,158.67,pigeonpeas
27.9,73.8,19.8,33.59,48.5,6.13,164.09,pigeonpeas
30.4,68.9,18.2,30.58,46.89,6.05,128.05,pigeonpeas
37.1,75.1,22.7,32.64,46.44,5.52,146.16,pigeonpeas
28.5,61.3,22.2,32.19,37.96,5.57,138.8,pigeonpeas
35.1,70.3,18.8,33.47,39.76,6.54,137.93,pigeonpeas
27.1,74.1,18.9,29.71,44.58,6.52,122.21,pigeonpeas
16.2,65.2,22.6,34.9,45.18,5.79,162.31,pigeonpeas
20.0,65.6,21.9,33.4,44.95,6.02,107.68,pigeonpeas
24.9,69.8,19.5,32.62,49.73,5.83,147.56,pigeonpeas
23.6,66.5,22.7,32.81,44.57,6.11,155.72,pigeonpeas
19.3,73.3,20.8,33.35,53.49,5.31,134.36,pigeonpeas
26.3,63.6,25.0,30.79,44.72,6.1,126.97,pigeonpeas
25.9,69.1,20.8,32.31,44.85,5.24,149.82,pigeonpeas
34.5,67.6,22.0,33.89,41.15,6.85,148.03,pigeonpeas
34.0,63.8,25.1,34.05,50.27,6.12,141.27,pigeonpeas
32.3,68.2,17.6,30.27,46.57,6.15,144.15,pigeonpeas
32.4,57.7,21.8,28.86,51.3,5.95,151.29,pigeonpeas
24.0,73.9,23.6,33.67,46.85,6.29,134.4,pigeonpeas
30.9,75.7,23.6,31.04,49.31,5.35,153.59,pigeonpeas
29.3,58.2,19.2,31.93,46.0,5.4,150.83,pigeonpeas
28.5,66.5,20.0,34.6,55.78,5.76,135.82,pigeonpeas
29.5,65.7,21.2,33.98,37.95,6.66,146.09,pigeonpeas
25.9,67.1,21.4,29.04,54.97,6.02,151.65,pigeonpeas
31.3,62.4,22.4,31.96,51.73,4.94,143.51,pigeonpeas
25.1,69.7,22.4,31.08,43.94,5.94,131.55,pigeonpeas
30.9,65.7,15.7,31.75,42.31,5.18,126.44,pigeonpeas
27.9,74.1,22.1,31.29,49.78,5.77,134.58,pigeonpeas
22.9,58.7,20.7,32.82,47.02,5.79,130.81,pigeonpeas
29.9,60.9,23.1,30.5,43.74,5.27,137.48,pigeonpeas
31.4,70.1,23.5,33.54,41.98,5.83,133.3,pigeonpeas
32.8,61.5,23.3,34.29,56.65,5.8,155.68,pigeonpeas
36.6,64.4,18.4,28.74,51.06,5.06,139.42,pigeonpeas
29.2,68.4,22.4,32.94,53.89,5.52,134.85,pigeonpeas
24.4,71.7,23.3,33.4,53.42,5.41,170.01,pigeonpeas
33.6,71.2,25.1,29.19,44.88,5.63,155.82,pigeonpeas
23.3,71.3,24.2,33.89,48.92,5.51,132.3,pigeonpeas
32.5,71.4,21.4,31.66,37.37,5.46,173.67,pigeonpeas
22.4,68.4,23.5,29.99,48.42,6.47,145.19,pigeonpeas
39.0,59.2,23.6,32.15,51.36,6.22,134.0,pigeonpeas
28.4,58.2,22.7,33.1,50.69,6.53,150.51,pigeonpeas
28.1,63.1,20.1,34.87,54.68,5.88,145.69,pigeonpeas
23.9,73.4,22.8,36.38,43.11,5.81,148.47,pigeonpeas
30.1,66.4,19.8,34.26,51.11,5.54,165.33,pigeonpeas
32.2,68.2,21.7,33.61,43.19,6.02,112.71,pigeonpeas
31.0,59.7,24.5,31.84,46.44,5.69,140.68,pigeonpeas
33.2,55.1,24.1,33.18,41.46,5.46,170.15,pigeonpeas
23.7,61.7,23.8,33.18,42.81,6.11,129.61,pigeonpeas
31.9,72.8,22.6,33.22,56.31,6.0,127.27,pigeonpeas
29.3,77.9,19.5,31.78,49.58,5.97,130.27,pigeonpeas
32.0,79.1,21.9,30.69,39.76,6.13,161.56,pigeonpeas
29.4,67.5,20.3,30.32,51.67,6.46,121.81,pigeonpeas
33.9,70.4,24.3,29.82,40.67,5.93,152.54,pigeonpeas
34.7,71.0,21.0,30.45,53.65,5.52,169.43,pigeonpeas
26.4,75.5,22.9,32.23,44.9,5.83,151.42,pigeonpeas
27.8,64.5,21.2,32.66,36.86,6.23,130.3,pigeonpeas
22.9,59.1,17.9,29.79,43.95,6.98,137.11,pigeonpeas
28.2,69.5,21.8,32.35,41.52,6.73,172.11,pigeonpeas
20.8,62.4,20.9,30.57,50.03,5.64,177.48,pigeonpeas
32.3,68.6,23.6,34.71,44.68,5.59,146.17,pigeonpeas
30.9,68.2,18.3,30.89,47.13,5.96,174.59,pigeonpeas
22.0,70.0,24.5,37.04,45.48,6.25,153.55,pigeonpeas
28.3,67.0,22.4,27.44,50.91,6.06,141.66,pigeonpeas
35.7,64.1,20.7,36.48,43.34,5.72,142.79,pigeonpeas
30.9,68.5,18.9,31.44,44.46,5.96,151.39,pigeonpeas
29.2,58.6,23.6,33.01,54.42,6.22,161.52,pigeonpeas
29.4,74.2,22.5,32.3,58.86,6.44,153.61,pigeonpeas
22.4,61.1,22.1,32.79,44.43,6.07,168.83,pigeonpeas
30.3,61.8,21.3,30.89,45.56,5.79,137.84,pigeonpeas
22.5,66.9,20.4,26.64,57.76,6.54,139.36,pigeonpeas
27.6,61.6,24.9,36.29,48.28,6.51,147.63,pigeonpeas
22.2,65.4,21.8,31.59,46.41,5.95,143.79,pigeonpeas
27.7,62.2,20.1,29.93,52.39,4.95,162.3,pigeonpeas
33.0,66.0,16.3,31.78,47.18,5.49,137.27,pigeonpeas
33.6,70.8,19.7,29.3,45.86,5.89,152.44,pigeonpeas
25.4,70.1,25.4,34.13,47.26,5.91,139.65,pigeonpeas
25.9,45.0,20.1,28.1,50.49,5.65,55.08,mothbeans
19.7,49.5,18.9,30.44,48.99,8.12,38.52,mothbeans
22.2,49.4,18.4,28.85,57.62,4.98,56.52,mothbeans
7.5,43.6,23.3,26.84,47.8,6.59,69.04,mothbeans
10.8,43.3,23.0,31.72,52.09,5.76,69.27,mothbeans
28.0,50.2,18.4,27.9,51.86,7.01,64.11,mothbeans
24.4,43.2,22.8,28.63,55.25,7.92,43.61,mothbeans
19.8,45.4,16.9,28.69,62.55,5.28,52.24,mothbeans
23.2,48.0,19.8,25.4,53.43,6.14,34.98,mothbeans
26.0,51.3,20.1,28.46,56.8,6.93,59.73,mothbeans
18.5,52.7,20.6,28.39,47.42,6.98,45.84,mothbeans
16.8,44.2,17.9,32.25,57.83,8.29,42.72,mothbeans
20.4,42.3,18.6,26.16,57.46,6.43,61.05,mothbeans
23.0,56.7,17.0,30.52,57.09,5.97,60.56,mothbeans
21.7,46.6,18.4,26.56,60.7,6.75,58.76,mothbeans
16.0,44.4,22.2,25.3,50.84,6.78,53.39,mothbeans
19.1,49.1,21.4,29.47,48.56,6.52,62.06,mothbeans
24.5,42.0,20.7,24.04,52.69,8.27,44.92,mothbeans
15.8,50.6,16.9,26.73,54.89,6.24,50.61,mothbeans
23.7,49.2,20.5,27.32,53.98,6.65,56.16,mothbeans
17.5,46.8,18.0,27.93,49.26,5.86,54.57,mothbeans
21.1,50.6,19.1,28.82,54.7,7.11,45.89,mothbeans
20.7,49.0,20.0,23.83,53.14,8.52,49.62,mothbeans
16.4,49.0,20.6,30.39,47.47,7.34,57.22,mothbeans
19.3,48.9,22.1,29.74,47.93,7.41,51.98,mothbeans
20.4,47.8,19.7,30.38,52.17,5.85,49.35,mothbeans
20.9,52.4,21.2,26.3,62.44,6.96,62.7,mothbeans
19.2,49.6,21.7,30.44,56.73,7.45,49.98,mothbeans
17.1,48.8,21.9,27.55,56.76,7.91,45.17,mothbeans
15.8,46.9,20.6,26.95,57.91,7.09,52.82,mothbeans
12.8,42.2,20.6,23.73,56.55,6.62,78.44,mothbeans
31.5,46.8,19.8,29.99,59.31,5.44,38.21,mothbeans
16.9,49.8,21.0,30.14,47.7,4.9,59.36,mothbeans
15.9,39.4,20.3,29.59,52.01,6.38,51.23,mothbeans
18.1,42.1,18.6,29.04,53.79,6.88,44.54,mothbeans
19.1,38.8,20.4,30.86,46.6,6.28,55.13,mothbeans
26.3,45.7,18.6,24.06,52.91,8.38,54.72,mothbeans
19.9,48.8,20.0,26.37,55.79,6.93,52.64,mothbeans
15.1,52.7,21.3,26.89,56.51,6.35,46.24,mothbeans
16.2,40.4,20.9,24.34,47.59,5.09,51.81,mothbeans
19.2,46.2,17.9,25.66,54.36,6.31,55.03,mothbeans
15.6,48.2,22.6,29.17,50.85,6.96,50.57,mothbeans
20.0,46.2,19.7,28.42,48.53,5.94,41.39,mothbeans
12.0,42.6,20.3,26.21,54.55,6.78,36.75,mothbeans
23.3,50.7,18.0,28.84,49.07,6.83,42.38,mothbeans
11.0,46.0,19.8,27.2,47.76,6.43,54.65,mothbeans
19.8,48.2,18.7,30.34,47.8,7.14,61.96,mothbeans
22.4,46.7,18.9,30.07,46.81,5.97,49.32,mothbeans
26.2,49.0,18.1,27.38,50.04,6.18,60.33,mothbeans
13.1,53.9,21.7,30.18,50.65,6.63,41.03,mothbeans
17.4,49.5,22.6,25.79,51.04,6.63,41.33,mothbeans
23.0,44.6,19.6,27.1,49.34,6.74,50.78,mothbeans
18.1,44.6,20.6,31.31,53.06,7.55,41.38,mothbeans
20.8,43.1,17.0,26.52,57.27,7.51,54.44,mothbeans
12.3,46.7,20.6,28.35,45.12,6.04,51.99,mothbeans
22.7,38.7,19.7,28.29,55.9,7.3,57.16,mothbeans
16.0,39.9,19.2,30.0,58.07,7.32,55.93,mothbeans
21.9,45.3,19.7,31.34,48.73,8.04,49.92,mothbeans
26.6,41.9,21.2,26.53,46.84,6.92,60.58,mothbeans
15.8,41.5,19.8,27.83,54.69,7.51,52.02,mothbeans
29.3,48.4,19.3,24.78,51.45,6.48,60.18,mothbeans
22.3,42.8,20.3,29.34,58.61,7.46,58.59,mothbeans
20.3,49.1,22.5,25.33,51.1,6.13,55.53,mothbeans
26.2,45.1,15.2,27.18,56.15,7.18,55.93,mothbeans
18.6,42.4,21.0,26.33,61.24,7.21,47.85,mothbeans
16.9,47.1,19.5,30.23,53.25,6.16,67.62,mothbeans
20.2,50.6,18.8,28.73,53.74,5.24,68.62,mothbeans
26.5,45.9,17.8,28.7,52.85,7.03,54.03,mothbeans
22.5,53.3,21.1,25.9,57.95,8.06,77.72,mothbeans
14.4,48.5,15.8,29.11,50.31,8.29,46.3,mothbeans
11.6,45.6,16.0,29.5,44.24,6.77,35.88,mothbeans
18.4,54.1,20.7,26.27,52.38,6.76,56.28,mothbeans
13.2,49.9,14.6,26.74,50.55,7.26,52.68,mothbeans
13.0,43.6,20.4,27.84,50.18,6.37,58.07,mothbeans
17.4,47.1,24.3,25.15,45.09,7.38,47.07,mothbeans
18.4,44.4,19.5,31.2,55.71,7.44,41.17,mothbeans
14.2,36.1,18.4,29.91,54.57,6.57,52.32,mothbeans
16.6,48.3,21.5,24.77,53.7,7.5,49.18,mothbeans
23.5,58.8,19.8,28.79,49.55,6.9,56.18,mothbeans
21.0,43.4,20.4,30.92,54.29,7.52,50.6,mothbeans
23.7,48.6,18.1,28.64,48.53,6.24,54.01,mothbeans
21.5,42.7,22.1,29.14,49.68,5.52,51.34,mothbeans
17.8,48.0,19.3,23.99,50.95,6.51,57.57,mothbeans
16.5,54.2,16.2,30.62,51.6,7.44,53.14,mothbeans
25.7,46.0,17.8,30.84,52.05,6.93,62.38,mothbeans
14.8,49.9,18.8,27.74,52.79,5.55,46.27,mothbeans
26.8,51.0,19.9,28.49,51.32,7.84,50.9,mothbeans
21.2,52.1,18.4,31.12,46.38,8.05,49.52,mothbeans
18.8,39.9,19.1,25.92,50.07,6.64,60.16,mothbeans
21.0,48.7,17.8,26.24,59.69,6.16,65.75,mothbeans
18.8,47.5,22.1,30.54,52.06,6.44,52.05,mothbeans
21.7,51.1,20.0,29.24,59.05,7.06,54.99,mothbeans
12.4,37.0,20.8,27.81,50.44,6.94,52.02,mothbeans
25.6,47.8,18.5,29.98,51.63,7.17,48.68,mothbeans
16.8,47.8,20.0,28.96,51.43,5.28,49.04,mothbeans
24.0,46.3,19.5,29.97,49.65,5.52,51.21,mothbeans
17.6,43.6,19.6,28.98,52.46,7.0,67.01,mothbeans
18.3,48.6,19.0,26.31,50.16,6.37,55.38,mothbeans
31.7,44.6,19.2,27.87,54.08,6.96,62.77,mothbeans
7.9,38.0,19.0,30.19,46.24,4.34,57.07,mothbeans
21.0,43.1,18.0,27.53,85.22,6.51,49.97,mungbean
8.6,44.1,17.7,28.24,83.92,6.94,38.2,mungbean
20.2,49.7,23.7,28.02,85.65,6.16,35.54,mungbean
23.4,47.5,22.4,27.13,86.04,7.26,49.6,mungbean
21.1,47.5,16.9,29.86,83.78,6.85,39.68,mungbean
15.3,53.2,19.3,29.95,84.84,6.15,51.96,mungbean
17.6,50.3,20.1,26.96,85.33,7.36,49.96,mungbean
19.8,51.8,20.4,28.71,82.82,6.77,52.68,mungbean
16.7,53.2,19.8,27.61,87.0,6.61,51.3,mungbean
18.8,47.3,21.0,28.79,81.01,6.36,52.15,mungbean
19.5,45.4,17.3,27.42,80.96,6.67,44.51,mungbean
16.1,47.2,20.7,30.59,81.98,7.05,52.37,mungbean
16.9,48.3,19.1,28.69,88.02,6.88,50.04,mungbean
18.3,41.6,19.6,29.71,81.95,6.38,48.13,mungbean
16.1,44.3,19.2,27.13,83.05,6.91,40.96,mungbean
13.6,45.0,21.5,28.3,84.07,6.71,38.77,mungbean
22.0,49.0,19.2,29.51,82.75,7.04,48.27,mungbean
18.7,47.4,19.8,29.72,82.85,6.47,52.68,mungbean
17.6,51.1,23.4,28.1,86.36,6.35,51.27,mungbean
20.8,49.4,18.7,26.84,86.01,6.08,45.91,mungbean
23.8,48.3,23.9,29.53,83.69,6.71,47.26,mungbean
13.7,43.7,18.9,26.46,85.09,6.63,39.14,mungbean
21.6,50.4,20.5,28.18,86.18,6.9,49.04,mungbean
16.7,48.6,22.4,27.9,89.2,6.54,47.66,mungbean
17.3,48.4,16.5,27.95,82.82,6.74,52.47,mungbean
22.6,38.0,24.1,28.8,83.45,6.75,48.38,mungbean
17.3,48.3,18.8,28.1,83.63,6.27,48.23,mungbean
22.3,49.6,21.6,28.82,83.93,6.95,40.71,mungbean
16.4,43.6,22.2,29.44,85.97,7.02,43.1,mungbean
21.4,47.0,21.7,28.38,84.23,6.86,51.88,mungbean
17.3,47.3,17.9,26.0,85.4,6.88,48.81,mungbean
12.2,46.1,15.6,29.87,82.83,7.08,52.23,mungbean
16.4,43.0,20.7,27.66,85.2,6.56,38.59,mungbean
11.1,48.4,18.9,27.95,86.39,7.05,46.14,mungbean
18.6,49.5,17.3,28.72,86.1,6.9,37.82,mungbean
17.0,44.0,20.2,28.98,87.99,6.55,45.01,mungbean
24.6,48.7,22.5,28.79,82.69,6.3,39.74,mungbean
22.6,52.3,23.7,29.34,87.33,6.53,41.72,mungbean
23.4,49.2,20.2,28.89,85.65,7.09,53.97,mungbean
22.2,50.9,21.0,28.04,86.51,6.28,52.77,mungbean
15.2,48.6,18.3,29.05,84.93,6.22,49.6,mungbean
17.7,51.0,20.0,28.9,83.08,6.52,45.21,mungbean
23.4,54.2,18.4,29.58,80.66,6.34,42.71,mungbean
14.6,41.2,20.8,28.29,85.76,6.91,48.83,mungbean
22.6,47.2,17.6,29.56,83.82,6.42,46.61,mungbean
16.3,45.8,20.7,28.85,83.2,6.55,52.87,mungbean
22.0,55.8,22.4,29.64,82.22,6.93,47.23,mungbean
17.8,48.2,21.9,29.0,83.24,6.92,44.31,mungbean
20.9,46.3,19.6,29.27,82.92,7.28,38.39,mungbean
17.6,49.0,21.2,28.4,84.89,6.82,46.34,mungbean
25.6,50.9,21.7,27.53,84.84,6.61,42.47,mungbean
21.4,45.3,21.3,27.43,88.44,6.43,48.6,mungbean
23.2,45.2,21.7,27.27,87.9,6.7,44.52,mungbean
18.8,50.7,18.8,27.75,84.56,6.35,56.6,mungbean
17.7,50.8,20.4,27.52,84.99,6.94,46.56,mungbean
24.8,51.6,21.8,28.04,82.84,6.52,48.48,mungbean
22.2,38.8,20.0,28.66,84.44,7.09,49.61,mungbean
25.2,46.6,21.9,30.14,87.62,6.37,46.23,mungbean
18.6,49.5,21.4,27.66,85.14,6.09,54.71,mungbean
18.0,47.7,19.4,29.65,79.32,6.7,46.97,mungbean
18.2,54.4,18.2,29.27,85.71,7.08,44.16,mungbean
17.1,51.9,20.9,26.96,83.92,6.82,51.69,mungbean
17.3,35.8,21.0,27.28,80.97,5.85,51.57,mungbean
20.5,46.6,22.8,29.14,88.23,6.28,47.33,mungbean
13.5,46.6,19.5,29.13,85.09,6.89,51.02,mungbean
28.6,46.2,18.1,28.75,83.4,7.14,46.08,mungbean
17.7,45.6,21.4,28.34,83.72,7.2,43.22,mungbean
20.1,50.1,16.7,28.98,82.89,6.95,42.69,mungbean
22.8,51.9,21.7,28.75,84.54,6.53,54.86,mungbean
17.2,43.4,21.3,27.7,83.1,6.27,45.09,mungbean
19.7,48.5,21.9,29.03,84.62,6.64,50.05,mungbean
25.1,48.0,19.1,27.51,82.11,6.9,50.39,mungbean
22.3,47.0,22.8,28.02,86.91,6.69,44.46,mungbean
22.4,49.1,20.7,28.58,84.92,7.42,53.42,mungbean
22.9,47.9,22.0,29.02,85.05,6.61,47.1,mungbean
7.3,48.3,19.0,30.09,85.04,6.34,47.25,mungbean
15.8,49.4,20.6,29.46,83.42,6.71,40.67,mungbean
22.8,49.6,21.0,28.5,85.83,7.18,46.07,mungbean
20.6,43.2,18.3,28.6,87.21,6.62,46.32,mungbean
18.4,45.4,20.6,27.0,87.56,6.5,51.11,mungbean
14.9,50.2,21.3,28.88,83.01,6.77,41.58,mungbean
19.0,51.6,21.6,28.52,83.05,6.89,47.6,mungbean
10.7,50.6,20.0,29.7,82.81,5.75,48.9,mungbean
21.2,40.7,18.0,31.26,84.39,6.92,44.25,mungbean
11.6,46.8,19.5,28.1,84.77,6.78,46.75,mungbean
14.9,49.4,16.1,26.45,86.48,6.85,47.21,mungbean
14.4,44.7,19.5,26.9,83.52,6.9,54.64,mungbean
18.3,50.5,16.2,29.16,83.39,6.79,46.26,mungbean
25.3,44.0,21.3,28.22,84.68,6.64,43.27,mungbean
19.9,47.2,20.5,28.58,86.6,6.98,42.25,mungbean
23.5,42.8,21.2,29.12,81.18,6.73,45.16,mungbean
17.0,52.9,18.7,27.69,85.15,6.91,46.79,mungbean
24.7,49.6,15.6,27.97,83.88,6.84,34.38,mungbean
30.2,49.6,20.3,29.68,89.69,6.96,52.24,mungbean
20.5,46.9,19.0,27.67,83.63,6.29,47.12,mungbean
13.3,48.3,19.9,28.65,83.96,7.62,54.3,mungbean
15.0,48.4,18.8,27.49,82.32,6.83,44.09,mungbean
23.9,51.5,22.7,27.65,85.95,6.89,45.13,mungbean
16.9,53.9,20.5,29.14,83.36,6.33,44.65,mungbean
19.5,43.2,20.0,26.81,82.76,6.9,50.52,mungbean
48.0,62.4,17.9,29.25,66.93,7.43,65.51,blackgram
44.2,68.8,18.4,28.96,68.98,7.4,68.13,blackgram
43.6,68.6,22.1,29.25,69.05,7.54,74.15,blackgram
51.5,70.4,22.8,30.89,63.5,7.02,68.45,blackgram
43.5,66.8,22.2,25.62,69.6,7.49,65.66,blackgram
52.7,67.5,22.5,31.97,60.8,7.33,66.68,blackgram
50.4,63.9,23.5,32.08,62.78,6.75,65.96,blackgram
52.2,68.7,22.5,31.58,67.91,7.25,61.94,blackgram
49.0,72.8,19.9,31.01,64.04,6.84,67.01,blackgram
51.5,64.2,19.5,28.12,68.36,7.06,73.31,blackgram
57.6,67.1,18.0,25.83,60.58,6.74,73.01,blackgram
50.6,69.4,15.6,27.6,67.66,7.24,66.91,blackgram
52.8,75.7,19.6,30.14,65.58,7.87,59.1,blackgram
53.4,66.9,21.1,28.69,64.85,7.36,79.95,blackgram
54.0,63.3,19.2,29.09,59.61,7.05,70.43,blackgram
43.6,72.7,21.0,28.53,64.58,7.63,70.43,blackgram
50.0,66.3,20.2,28.98,58.69,7.76,68.12,blackgram
52.0,67.2,18.5,29.63,60.2,7.83,62.56,blackgram
44.8,65.3,22.6,30.03,61.29,7.53,70.42,blackgram
52.7,71.1,24.8,34.37,62.94,7.64,69.03,blackgram
52.5,59.0,19.7,28.37,67.48,7.47,59.2,blackgram
49.9,73.1,19.6,31.46,66.05,7.25,66.41,blackgram
43.9,61.9,21.4,30.04,64.58,7.02,66.28,blackgram
55.2,65.8,17.3,31.49,64.39,7.16,73.93,blackgram
49.9,68.9,17.6,29.56,66.83,6.68,68.3,blackgram
50.5,67.7,22.1,30.67,69.43,6.85,68.04,blackgram
50.4,62.2,21.9,34.65,64.95,7.3,67.84,blackgram
46.4,58.4,18.6,27.22,70.11,7.12,66.12,blackgram
54.4,61.9,18.5,30.14,68.09,7.3,68.49,blackgram
50.4,69.5,20.4,27.94,65.14,6.83,67.82,blackgram
47.6,80.2,19.9,27.19,64.6,7.31,74.19,blackgram
47.1,59.6,21.6,27.24,63.69,7.07,67.22,blackgram
53.4,64.1,19.5,29.97,65.45,7.18,69.24,blackgram
54.2,69.5,20.9,26.84,65.15,7.29,70.42,blackgram
46.5,64.2,18.9,31.07,68.1,7.03,71.13,blackgram
50.6,66.9,19.6,31.49,65.98,7.83,64.09,blackgram
52.6,64.9,18.3,29.98,65.41,8.03,66.76,blackgram
44.3,68.9,15.9,29.82,65.05,7.39,71.39,blackgram
47.5,66.7,18.5,27.74,65.93,6.77,65.84,blackgram
45.0,70.2,23.6,27.4,59.44,7.11,67.56,blackgram
51.1,65.3,19.6,30.74,68.12,6.56,66.02,blackgram
51.1,62.9,23.5,28.73,64.88,7.32,65.13,blackgram
40.8,65.4,22.1,29.33,62.46,7.43,66.18,blackgram
47.4,68.2,21.5,34.76,67.48,7.5,65.48,blackgram
44.9,67.8,20.2,27.84,64.47,7.27,68.94,blackgram
52.5,69.0,19.0,28.97,61.4,7.69,67.55,blackgram
48.9,62.9,25.9,27.85,63.71,7.27,69.9,blackgram
54.8,76.5,21.0,27.89,64.23,7.24,75.77,blackgram
43.0,73.5,20.4,31.68,64.69,6.9,70.5,blackgram
53.3,72.4,20.0,28.8,60.32,7.4,69.2,blackgram
45.2,64.8,19.1,27.03,62.55,6.81,65.85,blackgram
46.3,59.4,24.0,32.51,62.66,7.23,69.17,blackgram
56.0,63.4,22.2,28.9,60.99,7.37,72.66,blackgram
62.9,61.5,21.4,29.18,67.35,6.71,62.45,blackgram
46.1,67.9,18.7,31.32,68.08,7.33,73.98,blackgram
52.1,61.4,22.7,28.79,67.73,7.62,69.33,blackgram
42.5,62.9,22.6,29.66,65.24,7.38,70.29,blackgram
51.4,66.5,19.4,31.72,66.66,7.07,71.83,blackgram
49.4,63.2,18.5,28.04,64.18,7.52,64.28,blackgram
50.9,64.2,19.5,26.98,64.34,7.09,69.66,blackgram
51.1,61.5,22.2,30.42,65.6,7.15,65.43,blackgram
51.1,69.9,16.5,28.92,64.24,7.23,72.27,blackgram
46.1,65.0,19.0,28.4,63.96,7.38,63.28,blackgram
52.1,59.0,18.9,29.34,70.02,7.07,58.7,blackgram
40.0,67.7,21.2,30.75,65.5,7.5,65.34,blackgram
54.5,59.3,18.2,26.39,64.18,7.14,67.96,blackgram
50.3,62.9,19.6,27.01,69.09,7.06,65.54,blackgram
57.9,61.3,17.7,27.81,64.8,7.28,70.46,blackgram
62.9,56.3,21.2,28.89,63.24,6.96,63.86,blackgram
58.4,71.7,20.0,32.7,60.46,6.75,58.79,blackgram
46.5,68.3,20.2,30.3,60.77,7.39,68.46,blackgram
53.7,58.0,20.6,27.62,63.81,7.31,67.86,blackgram
45.7,67.5,16.9,32.3,64.38,7.49,65.39,blackgram
47.4,63.7,21.8,28.58,66.93,7.04,59.6,blackgram
47.1,61.6,20.1,27.62,67.78,7.12,66.79,blackgram
53.3,72.3,20.0,28.46,59.68,6.94,65.03,blackgram
50.5,65.8,21.4,28.77,64.83,7.51,68.87,blackgram
49.7,64.5,18.7,28.3,63.38,7.38,66.61,blackgram
43.3,76.3,20.6,27.19,63.67,7.18,74.32,blackgram
44.5,72.4,22.8,28.74,64.17,6.84,66.69,blackgram
49.8,70.8,22.2,28.5,59.1,7.14,68.67,blackgram
51.2,65.9,20.2,33.03,66.15,7.04,65.5,blackgram
49.2,75.7,19.6,29.96,63.55,7.48,75.34,blackgram
52.3,67.9,20.1,25.23,67.24,7.19,69.21,blackgram
46.4,65.6,19.2,32.04,63.86,7.77,69.22,blackgram
43.6,66.9,18.7,25.61,69.8,7.36,69.63,blackgram
50.8,60.6,19.0,31.68,61.85,6.39,66.59,blackgram
49.3,68.2,21.5,31.28,65.78,7.51,61.42,blackgram
52.5,70.6,17.5,26.99,62.76,6.95,70.51,blackgram
46.9,63.2,18.8,32.24,65.04,7.1,67.06,blackgram
56.5,63.8,22.6,30.42,64.52,7.9,63.28,blackgram
48.2,61.3,21.9,33.38,70.01,7.52,66.71,blackgram
48.2,59.1,24.1,30.94,63.52,7.55,63.61,blackgram
52.0,66.6,21.3,29.87,60.65,7.17,71.7,blackgram
49.9,71.4,17.9,29.95,63.13,7.37,67.63,blackgram
53.5,72.9,21.4,30.55,62.01,7.15,65.37,blackgram
48.3,65.6,18.0,26.09,63.0,7.21,62.11,blackgram
50.1,77.0,22.0,33.29,66.17,7.5,64.6,blackgram
46.8,53.8,22.4,33.08,63.34,7.07,64.48,blackgram
51.9,73.1,16.5,30.82,64.17,7.18,69.34,blackgram
26.7,67.0,19.6,25.94,66.26,6.77,39.92,lentil
26.0,72.0,20.1,25.32,70.3,7.01,45.37,lentil
25.5,54.7,19.7,23.35,66.17,6.65,43.72,lentil
20.4,62.8,21.0,27.43,64.71,6.8,48.81,lentil
24.3,69.3,18.5,25.73,65.45,6.79,41.87,lentil
30.3,77.9,18.0,23.32,65.69,6.94,42.76,lentil
16.2,74.3,21.5,20.51,63.18,7.17,50.79,lentil
31.3,66.6,20.2,23.74,68.38,6.44,41.78,lentil
31.5,67.3,22.8,22.66,64.84,6.42,45.03,lentil
21.6,65.1,17.1,25.39,67.15,6.18,50.34,lentil
37.5,67.7,18.7,29.65,61.04,6.71,45.72,lentil
32.9,69.3,19.0,22.1,63.97,6.4,45.19,lentil
25.2,60.0,22.5,23.0,61.2,6.65,45.27,lentil
20.5,69.2,17.9,27.42,66.57,6.58,42.02,lentil
27.1,70.6,19.9,23.57,65.18,6.52,43.63,lentil
19.2,72.4,20.6,22.45,70.7,6.73,40.86,lentil
30.9,69.5,20.8,23.15,66.35,6.62,47.22,lentil
19.9,65.3,23.4,22.47,63.19,6.57,40.14,lentil
18.7,66.3,20.3,23.89,64.57,6.71,49.09,lentil
26.7,64.6,19.4,25.16,69.24,6.51,45.4,lentil
28.9,62.5,20.0,21.07,59.69,6.81,43.46,lentil
28.3,67.4,18.0,23.91,61.3,7.12,39.58,lentil
26.7,62.3,21.1,23.34,63.44,6.96,45.12,lentil
29.6,62.6,17.2,24.21,64.04,6.89,44.68,lentil
28.3,59.4,23.8,23.67,67.09,6.45,46.23,lentil
22.3,69.8,19.3,24.06,67.09,6.33,42.26,lentil
29.3,78.0,19.7,25.18,64.68,7.28,38.01,lentil
27.9,59.4,15.0,24.59,65.42,6.61,44.58,lentil
39.9,66.2,21.0,22.7,65.89,6.63,43.36,lentil
34.8,73.4,20.3,19.39,63.92,7.51,44.08,lentil
31.9,74.7,20.4,22.32,57.69,6.91,41.74,lentil
28.2,61.3,19.5,24.07,65.81,6.37,49.79,lentil
25.1,59.1,19.8,24.07,65.48,7.11,44.05,lentil
27.0,62.0,21.6,24.37,63.74,6.13,50.78,lentil
22.6,64.5,20.7,21.61,60.52,6.06,47.88,lentil
25.3,82.1,18.0,22.16,63.3,6.77,43.12,lentil
29.9,62.6,17.2,20.4,58.33,6.54,43.8,lentil
25.0,73.7,22.5,23.33,59.62,6.53,42.6,lentil
24.9,64.0,18.7,23.23,63.09,6.76,46.44,lentil
23.9,73.9,18.0,20.76,66.14,6.45,46.29,lentil
17.9,74.5,21.3,21.0,60.56,7.2,42.05,lentil
24.2,56.2,19.3,23.54,67.15,6.28,38.92,lentil
29.3,72.5,16.9,26.16,65.11,7.03,44.72,lentil
17.4,66.7,22.1,22.21,63.84,6.65,33.4,lentil
34.2,63.0,21.0,23.83,68.77,6.82,44.06,lentil
23.9,71.5,16.3,25.29,61.7,7.08,45.65,lentil
30.1,67.9,16.5,22.28,67.02,6.75,49.72,lentil
29.1,62.7,18.4,24.21,58.06,7.2,46.77,lentil
32.4,59.6,22.5,28.46,61.04,6.93,45.0,lentil
21.3,70.0,21.7,22.8,68.5,6.2,39.02,lentil
28.0,67.6,18.6,25.62,66.59,6.96,44.51,lentil
29.9,65.3,24.1,22.37,71.32,6.71,39.5,lentil
33.0,68.1,21.7,26.45,66.01,6.52,48.9,lentil
27.5,70.9,15.7,24.89,63.08,7.2,47.49,lentil
28.5,69.9,18.0,27.25,70.97,6.82,51.36,lentil
25.2,63.5,20.1,24.87,63.82,6.86,46.23,lentil
23.5,70.1,21.7,24.34,68.46,6.33,46.87,lentil
22.8,61.9,18.7,22.12,63.36,6.64,48.35,lentil
26.2,59.6,22.3,22.33,64.82,6.83,45.8,lentil
31.9,69.9,18.3,28.36,65.58,6.66,48.86,lentil
28.5,69.5,25.0,23.45,64.05,6.73,49.29,lentil
21.5,57.7,18.8,20.73,63.73,6.85,41.44,lentil
21.8,67.8,21.7,20.61,67.46,6.95,48.82,lentil
32.4,78.5,19.3,24.22,63.75,6.7,51.13,lentil
22.1,63.2,22.8,26.04,63.91,6.96,46.36,lentil
33.5,67.9,22.1,29.28,66.79,6.71,47.89,lentil
26.0,79.4,20.4,23.45,62.49,7.03,48.47,lentil
25.5,70.4,17.0,24.37,66.36,7.21,41.92,lentil
22.4,63.0,17.3,26.67,69.65,6.8,49.89,lentil
28.0,67.0,19.3,23.38,60.36,6.78,44.84,lentil
30.5,68.0,19.7,22.26,65.22,6.92,40.43,lentil
27.8,68.7,18.6,22.82,65.69,6.36,46.4,lentil
23.9,72.8,24.7,22.28,66.6,6.48,49.16,lentil
22.4,69.9,18.3,23.59,61.91,6.95,41.65,lentil
29.7,65.8,19.8,24.3,62.71,6.76,51.12,lentil
24.4,73.4,23.0,22.37,60.63,6.79,42.81,lentil
35.0,67.7,18.4,21.71,68.27,6.53,45.18,lentil
31.3,65.1,19.9,23.97,67.05,6.88,44.12,lentil
27.8,65.6,17.0,24.52,70.68,6.43,41.91,lentil
24.0,71.1,20.9,23.68,62.25,6.73,38.74,lentil
28.1,71.9,17.5,20.93,69.74,6.52,49.54,lentil
26.9,66.7,20.9,22.23,65.4,6.59,39.72,lentil
28.8,66.2,19.7,21.58,69.77,6.96,48.86,lentil
26.3,58.9,23.9,23.88,62.75,6.83,49.67,lentil
27.4,73.9,22.2,21.85,62.98,6.99,34.15,lentil
26.9,60.3,19.0,23.4,63.93,6.53,40.61,lentil
36.7,76.8,17.7,27.16,63.8,6.74,44.75,lentil
24.9,72.4,20.3,23.05,61.09,6.43,38.43,lentil
27.5,61.5,19.5,26.74,68.6,6.69,44.65,lentil
35.0,70.1,19.3,21.15,66.18,6.95,42.47,lentil
28.7,65.7,19.6,19.02,64.33,6.99,42.47,lentil
27.7,63.7,20.7,23.57,62.18,7.1,48.72,lentil
25.1,70.0,21.1,25.28,59.92,7.0,42.72,lentil
26.1,80.7,20.6,23.23,58.38,7.12,39.62,lentil
23.5,65.8,22.8,25.55,64.53,6.79,42.6,lentil
28.1,67.9,21.9,25.93,66.48,6.59,47.97,lentil
27.1,62.1,19.2,24.17,67.73,6.64,40.16,lentil
27.7,68.1,20.4,25.84,68.06,6.52,42.54,lentil
23.3,71.0,22.9,23.37,64.28,7.14,47.02,lentil
29.2,61.5,21.4,22.14,61.6,6.6,42.66,lentil
28.1,18.2,41.9,23.19,85.11,6.74,104.26,pomegranate
32.4,22.3,40.1,21.22,91.42,5.85,109.93,pomegranate
33.4,24.6,44.6,20.71,90.91,6.31,112.43,pomegranate
29.0,21.3,42.6,20.76,86.17,6.14,109.98,pomegranate
34.6,22.8,42.6,19.46,88.11,6.23,107.04,pomegranate
29.3,24.6,39.1,21.71,88.91,5.98,107.05,pomegranate
28.4,22.0,40.1,21.61,88.14,6.86,102.82,pomegranate
26.1,30.8,37.9,19.47,90.47,5.52,106.56,pomegranate
37.6,17.9,36.0,19.25,90.8,6.8,105.45,pomegranate
31.7,26.7,43.6,21.13,84.4,6.02,105.79,pomegranate
28.0,21.9,42.2,23.41,88.66,6.79,108.93,pomegranate
29.3,25.2,40.1,24.59,86.12,6.14,106.99,pomegranate
30.8,26.3,40.0,19.37,90.69,6.65,99.73,pomegranate
29.0,17.7,38.7,20.15,90.62,6.4,102.36,pomegranate
32.5,18.2,40.7,20.28,88.27,6.55,109.59,pomegranate
34.3,22.3,40.6,20.84,89.36,6.53,107.11,pomegranate
21.8,23.5,40.7,20.48,86.43,6.94,109.47,pomegranate
28.1,19.1,38.4,23.45,89.28,6.13,109.54,pomegranate
25.7,27.0,42.7,20.8,87.74,5.3,101.57,pomegranate
23.6,22.9,39.3,19.48,88.44,6.55,109.61,pomegranate
21.4,22.1,37.2,22.85,90.57,5.99,104.44,pomegranate
27.2,15.7,40.7,21.09,90.94,5.91,105.02,pomegranate
23.0,19.5,37.6,22.99,87.6,6.4,105.98,pomegranate
23.9,22.0,41.2,19.69,90.62,6.01,105.57,pomegranate
31.1,20.5,40.1,21.03,89.26,5.4,100.18,pomegranate
31.5,25.6,38.2,21.13,89.59,6.63,99.39,pomegranate
25.5,21.5,41.4,25.25,88.54,5.79,109.11,pomegranate
34.3,22.8,38.2,22.94,90.33,5.94,109.03,pomegranate
33.0,26.0,39.9,20.96,91.45,5.87,109.25,pomegranate
23.5,25.7,39.5,23.4,89.98,5.86,113.2,pomegranate
35.2,25.1,38.5,21.04,89.29,6.07,114.27,pomegranate
29.6,14.4,40.7,20.98,88.85,6.2,110.73,pomegranate
33.5,23.3,39.3,21.44,89.04,6.03,109.82,pomegranate
30.8,27.1,42.5,20.47,90.64,5.97,110.28,pomegranate
26.9,19.4,40.6,17.49,85.5,6.28,107.83,pomegranate
27.5,17.8,38.4,22.09,90.16,6.34,112.13,pomegranate
30.6,20.3,39.4,19.4,88.78,6.79,110.24,pomegranate
34.6,21.6,42.7,21.21,91.94,6.34,110.33,pomegranate
34.9,21.9,40.4,23.43,88.73,5.82,116.07,pomegranate
27.1,23.0,42.3,20.59,86.98,6.45,100.33,pomegranate
27.8,23.2,39.5,19.18,92.19,6.39,113.22,pomegranate
28.0,19.9,40.5,21.18,86.64,6.94,105.01,pomegranate
21.6,26.5,39.0,20.59,85.47,7.05,102.34,pomegranate
29.2,25.2,40.8,21.41,85.6,6.03,108.25,pomegranate
25.9,23.1,41.4,22.94,86.55,7.23,110.57,pomegranate
29.0,25.8,44.7,19.34,88.55,5.4,108.27,pomegranate
30.5,22.4,38.7,18.43,89.75,6.93,105.14,pomegranate
30.8,17.8,40.9,20.91,87.48,6.05,105.93,pomegranate
30.5,18.6,39.2,21.44,86.8,7.07,104.09,pomegranate
26.3,19.6,43.6,22.33,87.13,6.79,108.3,pomegranate
30.0,21.5,38.5,22.01,87.91,7.08,102.42,pomegranate
35.1,22.2,40.6,22.75,87.74,6.7,96.67,pomegranate
26.1,19.7,37.5,21.18,89.77,6.63,108.46,pomegranate
26.3,23.6,40.2,22.9,90.55,6.36,103.91,pomegranate
26.4,20.9,39.4,21.9,90.43,6.33,107.56,pomegranate
29.6,21.0,38.1,18.87,87.61,6.54,104.69,pomegranate
28.0,23.9,41.0,19.88,90.99,6.8,102.98,pomegranate
25.7,26.1,39.7,18.17,86.2,6.25,102.85,pomegranate
27.3,22.6,42.9,21.06,91.15,6.92,113.24,pomegranate
30.1,16.6,40.9,23.07,88.84,7.05,110.94,pomegranate
31.3,25.8,40.7,17.76,88.0,6.83,104.27,pomegranate
28.1,19.4,43.6,24.02,87.23,6.41,104.78,pomegranate
31.5,24.0,41.6,22.0,94.87,5.94,100.66,pomegranate
27.4,17.8,37.0,20.0,87.16,5.97,109.57,pomegranate
27.0,22.0,41.8,20.35,88.47,6.5,99.73,pomegranate
19.5,23.5,41.0,24.6,89.32,6.68,106.72,pomegranate
30.2,27.5,35.8,22.12,93.27,6.46,114.1,pomegranate
26.5,22.4,40.1,18.17,86.66,5.91,110.79,pomegranate
32.5,23.5,41.6,21.25,91.4,6.35,107.73,pomegranate
27.9,24.6,39.2,22.96,86.74,5.91,110.25,pomegranate
28.6,21.1,41.8,20.59,88.6,6.91,113.66,pomegranate
35.3,21.7,42.5,20.08,87.19,5.41,114.19,pomegranate
25.5,22.1,38.2,22.54,88.25,5.83,109.27,pomegranate
23.3,20.0,35.8,19.36,89.36,5.56,101.58,pomegranate
29.0,20.9,44.0,24.25,87.26,6.57,110.5,pomegranate
26.6,18.0,40.0,21.24,88.13,6.53,104.5,pomegranate
24.4,22.8,40.8,19.74,90.86,5.64,105.19,pomegranate
28.0,20.6,38.9,24.31,87.3,7.33,109.25,pomegranate
29.4,23.9,45.1,20.01,86.76,6.05,107.63,pomegranate
22.1,22.6,43.4,21.73,88.41,6.1,111.09,pomegranate
25.7,28.0,43.9,21.89,88.98,6.76,111.88,pomegranate
25.8,20.9,37.4,22.11,90.33,5.81,105.68,pomegranate
23.6,19.8,41.1,20.4,88.4,5.7,108.25,pomegranate
28.8,20.3,39.6,21.77,87.37,5.76,114.72,pomegranate
26.5,22.2,42.0,26.79,86.51,6.53,104.67,pomegranate
26.8,20.3,37.7,21.44,86.05,6.73,107.72,pomegranate
30.7,21.1,39.3,21.93,86.67,6.21,104.06,pomegranate
25.4,16.2,42.7,20.47,91.33,6.78,102.36,pomegranate
24.6,30.2,43.5,21.45,89.51,6.1,109.23,pomegranate
26.1,16.4,37.4,21.53,86.74,6.32,103.2,pomegranate
25.9,25.1,40.5,21.49,90.76,6.54,113.29,pomegranate
27.2,21.2,37.4,20.86,90.93,6.87,111.34,pomegranate
21.8,25.7,36.3,22.85,88.26,6.63,102.17,pomegranate
33.7,18.1,38.7,20.0,85.49,6.39,114.72,pomegranate
39.7,22.8,42.2,21.85,90.0,6.21,108.28,pomegranate
31.1,20.8,39.8,21.41,90.65,5.92,107.29,pomegranate
36.6,26.0,42.7,21.54,89.64,6.75,113.74,pomegranate
21.2,18.6,42.6,21.08,87.66,5.85,105.28,pomegranate
23.4,28.8,40.0,21.41,90.18,6.73,111.28,pomegranate
33.3,20.6,39.4,22.65,87.95,6.35,109.1,pomegranate
106.3,71.8,52.1,27.15,82.12,6.23,114.65,banana
110.8,90.6,54.3,27.94,80.1,6.26,109.39,banana
97.5,84.9,49.9,26.22,83.87,6.02,117.29,banana
87.0,79.2,50.1,29.21,81.2,6.09,98.24,banana
90.7,84.4,45.9,26.7,81.5,5.71,114.63,banana
109.8,73.1,47.2,24.07,77.65,6.23,102.52,banana
103.7,73.4,52.4,26.67,80.04,5.97,97.37,banana
90.8,88.3,51.2,29.08,80.97,6.04,94.64,banana
97.8,82.3,55.9,28.53,84.61,6.18,100.73,banana
100.9,83.9,47.2,26.92,79.38,6.48,92.52,banana
109.6,76.9,45.9,29.27,82.2,6.38,109.8,banana
116.5,85.9,49.5,28.01,83.73,5.77,101.09,banana
97.5,69.9,50.4,24.67,80.16,6.26,102.14,banana
113.4,73.7,53.6,28.51,74.85,6.81,104.62,banana
93.0,74.1,49.3,27.31,80.31,5.91,108.8,banana
96.9,70.9,49.6,23.95,81.06,5.71,105.98,banana
110.5,76.8,53.2,26.85,85.26,5.89,99.96,banana
105.5,79.9,47.5,26.78,79.87,6.4,93.4,banana
100.2,86.2,50.6,29.46,79.78,5.94,108.55,banana
100.8,80.2,51.5,26.52,78.17,5.84,113.12,banana
74.2,84.9,50.1,24.98,80.93,6.14,108.54,banana
78.8,90.7,47.8,28.53,82.22,5.74,108.96,banana
96.9,70.1,53.5,26.34,77.44,5.88,106.63,banana
99.5,85.8,46.0,26.39,79.65,6.57,104.32,banana
108.7,82.7,48.5,27.13,79.49,6.18,113.25,banana
102.9,89.6,47.1,26.88,77.83,6.09,102.85,banana
105.8,76.9,50.1,28.53,73.8,6.64,103.3,banana
83.8,83.4,50.1,27.38,82.97,6.22,106.79,banana
103.6,81.9,55.3,25.28,80.42,6.02,109.88,banana
93.2,72.0,50.5,27.92,84.47,5.62,111.93,banana
118.9,80.2,46.1,26.89,80.04,6.17,101.45,banana
112.4,75.8,44.8,29.16,73.18,5.94,123.71,banana
99.9,75.8,49.8,27.42,80.48,6.2,98.77,banana
113.5,84.0,52.2,26.56,83.86,5.92,106.67,banana
92.5,76.5,52.1,26.83,77.44,5.81,109.19,banana
95.0,81.8,50.0,24.62,75.59,6.1,100.58,banana
108.5,88.3,52.2,30.23,79.75,6.19,101.49,banana
119.6,94.4,50.0,28.08,84.08,5.96,101.06,banana
107.0,83.0,50.5,26.25,74.85,6.07,110.43,banana
98.2,91.1,47.9,25.92,79.8,5.98,109.62,banana
93.8,90.7,55.9,27.44,83.75,5.68,111.45,banana
108.4,87.7,50.0,23.07,78.07,5.81,99.13,banana
101.0,80.0,47.5,25.91,77.85,6.34,101.03,banana
95.9,79.8,51.0,28.18,70.87,6.31,113.62,banana
91.6,76.7,48.6,26.37,80.67,5.42,98.29,banana
112.3,76.9,53.7,28.03,74.57,6.19,104.29,banana
96.4,84.0,51.4,28.56,83.53,6.12,96.75,banana
96.2,100.2,52.2,31.05,84.19,6.07,106.81,banana
99.7,72.1,50.1,29.32,78.2,6.12,110.11,banana
92.7,79.8,46.9,26.27,76.14,5.73,113.52,banana
92.7,83.3,48.5,29.27,83.93,6.26,106.84,banana
98.2,75.3,55.8,26.36,81.99,6.32,101.67,banana
108.3,87.1,55.2,26.8,76.14,5.85,106.25,banana
100.5,80.1,44.3,28.21,85.92,6.14,108.65,banana
104.6,84.9,52.8,28.09,79.06,5.76,103.51,banana
102.5,80.6,50.9,28.16,82.5,6.38,105.47,banana
89.5,80.4,50.1,24.75,84.17,6.04,107.29,banana
110.9,78.7,51.7,27.34,79.45,5.77,114.99,banana
97.0,86.7,44.4,29.27,83.16,6.03,103.64,banana
103.2,96.2,44.7,28.67,77.27,5.99,103.51,banana
96.6,82.4,46.6,29.04,74.62,6.16,103.04,banana
90.6,83.7,45.3,27.56,75.73,6.14,99.45,banana
96.4,84.3,47.7,27.41,75.46,6.19,115.59,banana
122.3,83.0,52.4,24.83,84.51,6.23,102.1,banana
109.9,81.0,48.6,28.21,76.81,6.31,98.66,banana
91.6,77.0,52.3,26.57,75.96,5.82,104.81,banana
90.6,75.6,56.3,26.21,79.03,5.89,102.47,banana
105.0,88.2,49.1,25.65,83.82,5.97,115.38,banana
82.0,83.7,55.8,26.97,79.32,6.09,101.65,banana
97.5,80.5,48.1,29.34,81.38,6.08,109.85,banana
97.9,77.9,48.2,27.5,76.82,5.85,101.9,banana
117.0,65.9,49.5,30.09,80.37,6.23,105.6,banana
94.7,69.0,50.6,26.34,77.6,5.85,115.47,banana
119.2,83.8,48.6,25.73,81.41,6.53,103.52,banana
81.0,86.5,53.0,25.12,80.53,6.14,104.56,banana
93.7,88.6,48.8,25.27,73.85,6.38,108.7,banana
100.7,79.9,48.4,25.89,78.71,5.36,100.58,banana
97.5,86.2,49.9,28.69,84.05,6.32,107.82,banana
100.1,76.6,52.2,30.02,81.03,6.58,95.85,banana
90.8,87.6,50.8,29.47,79.95,5.74,103.72,banana
87.7,75.7,52.9,28.81,81.09,5.48,102.85,banana
90.2,89.6,48.2,25.87,80.09,5.81,113.9,banana
94.1,74.1,43.5,27.45,78.31,5.57,112.14,banana
105.3,82.3,54.1,28.49,77.53,5.69,109.91,banana
103.2,83.5,47.5,28.41,77.73,5.97,113.68,banana
94.7,73.1,46.8,28.99,80.76,5.96,101.95,banana
103.9,77.4,50.9,26.4,77.31,5.81,102.75,banana
99.6,83.9,38.9,26.29,78.83,6.45,98.52,banana
101.3,91.5,46.1,28.09,77.59,5.85,100.18,banana
94.1,98.8,52.5,29.15,81.48,5.52,107.37,banana
108.6,77.4,52.9,28.56,85.56,5.87,98.41,banana
97.1,91.1,44.5,24.4,80.27,5.87,105.05,banana
107.6,79.2,44.4,30.57,77.01,5.68,111.62,banana
96.9,82.1,51.4,29.13,79.0,6.46,92.19,banana
106.1,77.5,54.1,27.71,77.98,6.2,110.36,banana
105.1,76.3,48.5,27.49,79.88,6.22,92.91,banana
102.7,80.8,47.5,26.39,79.36,4.92,100.79,banana
93.0,85.7,47.6,27.18,84.63,6.3,110.41,banana
96.0,85.8,49.3,27.21,81.23,5.82,113.96,banana
98.7,86.2,54.4,29.05,75.77,6.13,110.1,banana
24.5,24.2,28.7,33.49,47.71,5.6,98.8,mango
19.8,25.3,28.2,32.17,46.0,5.63,93.83,mango
26.5,29.5,28.6,33.86,49.1,5.13,91.81,mango
27.2,28.0,30.0,34.77,45.71,5.11,86.04,mango
21.9,28.0,33.1,31.99,48.79,5.75,92.97,mango
11.6,35.6,31.0,31.92,51.85,6.1,91.94,mango
16.8,29.3,30.8,29.88,54.26,5.9,95.42,mango
27.0,27.6,30.6,33.12,47.83,5.78,93.0,mango
15.2,34.5,27.2,28.9,53.94,6.11,88.4,mango
23.0,31.9,29.9,36.7,44.83,6.1,97.17,mango
24.5,26.9,29.4,32.39,52.45,6.05,96.66,mango
14.9,26.8,28.1,30.73,53.05,5.8,102.93,mango
21.0,27.7,30.2,30.22,49.83,6.31,92.96,mango
16.0,24.7,29.1,31.65,53.58,5.08,91.22,mango
20.7,22.0,28.3,30.14,47.61,5.85,91.86,mango
17.2,28.8,33.4,34.78,44.23,6.04,91.79,mango
20.8,26.3,30.2,31.8,48.26,5.3,90.71,mango
21.2,29.3,31.7,30.51,50.85,6.23,97.16,mango
19.7,26.8,30.4,29.2,49.42,6.12,95.07,mango
18.6,28.2,28.4,32.91,49.77,5.61,91.05,mango
19.7,26.2,31.3,30.71,54.78,6.48,88.93,mango
20.3,25.5,29.3,35.5,49.08,5.93,94.67,mango
15.0,24.9,27.6,29.73,41.45,6.02,100.72,mango
20.7,23.3,28.7,30.58,46.95,6.18,95.74,mango
14.2,29.7,33.1,35.31,58.6,5.3,103.8,mango
18.2,25.7,30.7,30.34,51.2,5.09,91.54,mango
26.4,27.3,30.3,32.45,53.51,4.92,94.84,mango
18.7,28.0,32.1,29.11,46.96,4.78,90.3,mango
26.7,27.1,27.3,30.53,45.54,5.19,94.06,mango
14.1,30.8,29.9,31.67,49.16,6.14,95.63,mango
21.7,29.2,29.6,32.58,48.99,5.75,91.4,mango
17.7,25.4,30.9,34.12,53.51,5.12,97.66,mango
18.4,29.3,28.2,31.78,50.94,5.01,94.93,mango
26.7,27.0,32.7,31.12,52.55,4.64,102.18,mango
27.5,26.6,26.1,32.08,45.67,5.97,94.15,mango
15.3,30.9,31.6,33.45,50.03,5.04,96.41,mango
18.6,23.3,32.7,35.7,49.88,6.83,92.87,mango
18.1,25.6,33.3,29.94,52.21,5.47,90.66,mango
25.2,26.4,29.2,33.77,54.79,6.07,89.88,mango
17.4,27.7,30.6,29.52,52.17,5.79,85.64,mango
15.4,26.0,29.9,35.28,50.71,5.33,93.38,mango
18.2,28.5,31.2,33.92,49.93,6.57,96.13,mango
16.5,34.1,30.7,29.83,54.96,6.79,92.37,mango
17.5,27.0,31.4,34.06,51.71,5.8,98.49,mango
18.4,30.6,29.4,32.36,49.66,5.72,90.99,mango
26.7,25.3,28.5,35.74,52.93,4.56,90.24,mango
10.9,24.6,23.7,31.23,46.57,5.78,86.0,mango
20.4,26.3,33.0,34.32,52.36,5.59,100.44,mango
12.2,23.3,29.8,36.01,49.39,5.66,86.73,mango
24.7,30.4,31.6,30.24,47.88,5.1,92.84,mango
14.6,24.0,29.2,30.52,48.39,5.98,92.82,mango
18.6,28.0,28.0,31.71,50.45,5.0,96.48,mango
15.6,27.8,32.3,33.35,50.1,5.57,96.29,mango
23.4,25.6,28.4,27.36,50.46,5.71,97.04,mango
21.8,31.5,28.6,33.78,48.41,6.14,86.66,mango
21.2,21.5,29.5,32.38,48.44,5.22,95.88,mango
19.5,26.0,30.1,36.77,53.46,6.33,94.24,mango
20.8,20.3,28.6,30.54,44.38,5.17,84.58,mango
19.8,30.0,32.2,32.33,47.11,4.78,85.47,mango
13.7,24.8,29.7,29.47,51.02,5.63,92.54,mango
25.7,24.0,30.8,31.47,49.0,6.19,96.02,mango
15.3,27.0,30.6,30.95,51.76,5.89,99.83,mango
12.3,27.1,28.2,32.71,45.15,5.92,89.98,mango
16.3,23.2,29.1,33.67,49.92,6.06,99.16,mango
21.3,25.8,30.9,30.41,48.49,4.99,96.21,mango
18.1,28.0,27.9,32.37,47.71,5.68,96.01,mango
24.0,27.4,26.5,37.49,55.24,6.11,89.49,mango
19.4,25.9,32.5,32.03,47.65,5.51,96.98,mango
28.0,32.1,31.5,30.99,40.28,5.9,92.49,mango
20.7,27.7,27.3,32.61,51.9,6.09,96.29,mango
23.0,26.3,29.9,31.68,50.32,6.25,95.07,mango
30.4,34.1,30.2,23.83,53.71,5.48,89.29,mango
18.0,26.2,31.2,28.38,46.77,5.92,94.99,mango
23.2,25.1,28.0,30.49,50.72,6.49,84.31,mango
18.9,23.5,26.7,33.43,51.63,5.97,96.18,mango
17.6,26.2,34.4,31.01,52.21,5.75,85.11,mango
9.8,25.8,32.1,33.08,52.74,5.26,98.96,mango
15.2,28.1,30.0,31.15,54.02,5.4,87.1,mango
20.1,26.3,36.8,32.85,48.77,5.22,84.98,mango
14.9,27.8,32.9,33.74,50.69,5.59,93.58,mango
17.4,32.7,29.6,31.33,43.35,5.65,95.85,mango
14.7,25.2,31.6,28.55,53.17,5.48,90.95,mango
14.4,28.6,34.9,33.06,47.41,6.32,91.23,mango
26.9,29.9,24.1,29.49,52.83,5.83,88.4,mango
16.8,21.8,29.8,35.92,52.41,6.85,96.03,mango
25.1,33.4,30.8,31.13,53.1,6.48,90.58,mango
16.4,27.9,31.7,33.1,45.73,6.71,89.94,mango
18.7,24.8,35.4,31.98,47.45,6.18,95.58,mango
19.1,30.0,28.3,30.51,43.97,5.09,99.73,mango
28.2,27.7,33.3,31.18,49.27,5.78,92.0,mango
18.9,30.9,30.3,32.92,53.09,5.94,88.62,mango
13.2,27.9,29.7,31.67,49.95,7.04,87.18,mango
10.1,28.5,29.2,32.13,51.75,6.39,86.47,mango
17.2,28.8,31.5,35.89,52.87,5.72,88.94,mango
17.2,25.7,31.3,32.01,46.03,5.53,96.01,mango
21.8,29.2,30.8,34.75,50.71,5.56,88.84,mango
21.2,20.2,29.6,31.09,45.91,5.29,95.74,mango
21.2,27.8,30.6,31.69,53.73,5.81,86.67,mango
28.2,28.6,28.8,28.99,51.19,5.69,98.8,mango
18.3,25.0,31.8,33.35,50.51,6.09,92.35,mango
30.9,139.5,201.9,24.32,85.2,5.29,76.16,grapes
23.2,128.7,199.9,24.41,84.51,5.68,70.78,grapes
27.7,134.3,199.8,25.37,81.4,5.85,70.86,grapes
33.8,128.9,197.4,27.45,82.43,6.25,67.28,grapes
22.9,129.3,197.7,24.68,81.23,6.22,69.14,grapes
30.6,133.4,200.6,24.9,83.52,5.76,74.2,grapes
29.1,124.6,200.6,21.6,83.83,6.66,67.64,grapes
31.3,122.0,201.4,21.46,81.25,5.67,72.2,grapes
34.0,132.6,197.4,31.36,81.0,5.35,71.38,grapes
25.6,138.4,198.9,27.41,85.3,5.64,68.3,grapes
29.7,141.7,198.0,22.62,83.46,5.83,70.46,grapes
23.8,145.0,196.0,23.71,82.44,6.57,66.03,grapes
37.9,137.0,201.3,21.06,83.64,5.78,73.8,grapes
26.1,131.8,198.3,21.05,83.98,6.16,73.63,grapes
22.9,138.9,205.0,23.19,86.29,5.92,65.88,grapes
28.8,138.8,197.5,22.6,83.69,6.0,71.75,grapes
31.0,135.4,198.7,25.93,80.65,6.39,68.1,grapes
34.5,131.1,200.6,23.02,80.47,5.48,66.83,grapes
28.7,133.8,203.0,23.22,80.74,5.57,71.44,grapes
35.5,140.1,202.1,27.55,85.9,6.1,71.94,grapes
28.7,124.3,197.9,24.96,82.62,6.58,70.24,grapes
34.7,129.9,199.1,19.68,81.02,6.16,70.02,grapes
33.8,133.6,198.9,33.59,82.31,6.35,68.8,grapes
32.8,138.1,200.6,15.58,82.54,6.37,71.58,grapes
31.8,122.2,197.8,26.65,83.32,6.36,69.57,grapes
31.6,132.6,197.0,15.98,83.36,6.05,68.15,grapes
23.5,136.3,199.2,27.23,86.23,5.36,67.9,grapes
29.2,141.2,195.1,32.74,82.77,5.97,69.41,grapes
28.3,138.8,196.8,26.38,81.73,5.77,77.76,grapes
31.7,136.2,203.4,19.31,86.0,5.25,67.69,grapes
28.2,136.0,200.7,24.33,82.48,5.71,65.51,grapes
32.9,136.7,204.8,21.84,83.89,5.91,73.57,grapes
34.1,133.8,199.0,28.84,83.79,5.79,66.02,grapes
28.8,141.6,203.4,20.55,80.16,6.38,66.59,grapes
32.0,128.8,204.9,21.92,84.79,6.06,70.76,grapes
22.1,119.3,199.3,25.99,80.25,5.67,71.68,grapes
32.3,131.7,202.3,20.3,81.79,6.49,70.2,grapes
30.5,145.0,195.8,28.19,85.83,5.9,72.58,grapes
26.1,128.4,201.2,28.19,84.74,6.47,69.8,grapes
34.8,130.4,202.7,25.83,83.39,6.13,65.19,grapes
25.5,133.1,194.9,28.32,84.24,6.1,66.64,grapes
35.5,144.7,200.4,27.04,82.9,6.16,69.64,grapes
29.9,137.9,205.0,19.4,82.29,5.65,74.78,grapes
27.6,123.8,201.9,31.98,83.83,6.06,71.23,grapes
35.7,127.3,199.7,23.19,80.16,5.9,73.32,grapes
32.3,136.4,200.4,27.09,80.9,5.91,70.58,grapes
31.1,134.4,199.6,23.49,88.82,6.27,71.24,grapes
29.1,129.8,199.6,26.17,78.74,5.53,68.09,grapes
30.8,131.1,204.4,19.07,81.0,6.46,70.39,grapes
33.5,144.8,197.9,24.6,81.96,5.41,69.07,grapes
33.5,135.7,201.9,23.5,81.19,6.38,68.51,grapes
31.2,133.5,204.4,28.89,79.91,5.64,71.74,grapes
29.7,129.8,203.0,25.75,82.6,6.23,68.87,grapes
36.3,127.8,202.0,30.74,79.75,5.9,73.43,grapes
34.6,131.5,197.8,28.82,84.87,5.65,66.39,grapes
30.9,136.3,199.1,27.72,81.08,5.37,68.73,grapes
30.3,130.8,196.5,17.74,81.47,6.27,73.77,grapes
34.8,127.6,196.5,26.99,83.77,6.12,63.96,grapes
26.5,132.3,201.5,28.07,82.79,6.1,70.25,grapes
32.7,134.4,200.2,23.93,82.66,6.15,70.8,grapes
31.5,140.6,200.8,22.4,84.27,5.59,66.76,grapes
31.3,135.6,196.3,23.47,81.29,5.85,72.83,grapes
32.8,132.4,198.4,19.6,85.34,6.18,67.88,grapes
32.9,132.1,199.1,26.74,81.02,5.9,70.36,grapes
28.0,136.5,205.0,21.98,79.17,5.4,69.55,grapes
27.3,133.7,200.4,18.59,78.87,6.09,70.41,grapes
28.3,122.6,201.4,30.09,83.06,5.75,70.13,grapes
24.5,138.8,200.2,17.93,81.9,6.14,69.0,grapes
28.9,125.2,201.7,22.41,78.19,5.89,72.94,grapes
28.5,142.9,201.3,26.36,82.24,5.98,69.21,grapes
28.8,135.7,197.2,20.7,80.25,6.61,71.59,grapes
31.2,126.2,201.9,24.53,82.93,5.71,70.48,grapes
28.3,127.9,202.2,18.85,83.63,6.21,67.36,grapes
26.7,131.2,200.8,24.39,83.37,6.53,68.48,grapes
23.1,137.5,205.0,26.57,80.32,5.96,66.64,grapes
32.6,124.4,199.1,20.98,82.75,5.89,70.53,grapes
30.1,126.6,201.9,24.8,80.52,6.67,71.43,grapes
29.4,141.0,205.0,24.42,83.19,5.7,69.56,grapes
29.2,133.6,201.0,27.24,82.98,5.64,67.18,grapes
27.8,130.8,203.2,20.35,81.79,6.29,69.1,grapes
31.8,131.7,200.8,24.09,83.83,5.54,68.91,grapes
31.2,135.7,204.5,23.44,85.46,5.8,73.99,grapes
33.3,127.0,200.9,24.8,83.75,5.93,69.08,grapes
35.5,131.9,202.5,24.1,85.83,5.8,68.16,grapes
36.1,129.8,204.8,28.57,82.19,5.46,69.94,grapes
30.4,139.5,204.8,22.26,84.1,6.23,73.22,grapes
32.0,120.8,199.5,20.38,82.09,6.29,70.92,grapes
34.6,134.6,196.1,14.92,82.8,5.94,67.07,grapes
23.2,128.1,199.4,27.66,82.88,6.48,66.89,grapes
33.5,132.8,202.1,23.25,84.64,6.09,67.96,grapes
30.0,131.1,201.5,20.28,82.44,6.12,70.1,grapes
35.4,137.1,200.0,25.87,83.09,6.12,64.52,grapes
28.8,123.6,203.8,24.76,82.11,6.27,71.27,grapes
25.5,132.1,199.0,18.02,81.12,5.94,69.66,grapes
24.1,139.4,199.7,25.15,83.3,5.76,71.37,grapes
28.5,127.1,201.7,30.97,83.95,6.28,68.44,grapes
23.6,141.4,205.0,31.17,81.83,5.65,66.8,grapes
23.3,131.9,204.8,24.43,83.1,6.41,68.79,grapes
38.1,144.5,199.6,22.69,83.89,5.9,66.53,grapes
35.1,139.8,200.5,19.95,80.04,6.03,68.5,grapes
97.3,21.6,52.2,26.88,83.02,6.4,53.04,watermelon
103.6,23.6,51.3,27.35,86.08,6.82,48.71,watermelon
100.1,21.1,54.8,26.23,84.83,6.91,41.23,watermelon
88.6,20.2,50.0,26.11,85.13,6.67,46.74,watermelon
104.6,21.5,53.7,27.51,85.49,6.58,43.91,watermelon
95.7,16.7,53.2,24.89,86.59,6.5,49.29,watermelon
102.0,15.9,48.7,23.8,84.5,6.36,47.94,watermelon
103.3,20.1,50.7,26.5,86.15,6.41,48.15,watermelon
102.5,19.8,54.2,26.69,83.92,6.47,52.68,watermelon
108.5,21.3,49.8,24.25,83.0,6.58,51.37,watermelon
91.2,17.7,51.9,24.35,87.21,6.39,55.03,watermelon
95.7,13.4,48.6,25.4,84.22,6.44,51.34,watermelon
98.6,17.2,44.9,25.89,84.82,6.98,46.24,watermelon
85.5,20.0,51.0,24.49,81.94,6.96,55.66,watermelon
80.1,15.7,55.0,25.02,84.02,6.42,45.52,watermelon
86.4,21.7,44.5,25.75,86.77,6.06,46.3,watermelon
109.7,19.6,48.1,26.7,87.41,6.58,46.4,watermelon
96.7,18.6,49.4,26.44,81.94,6.05,50.72,watermelon
96.1,15.0,44.7,25.52,84.89,6.7,50.28,watermelon
98.9,22.2,46.1,26.04,81.66,6.25,45.15,watermelon
106.3,17.2,50.0,24.39,84.4,6.27,51.53,watermelon
92.1,22.8,45.0,24.69,88.35,6.37,44.74,watermelon
101.8,15.6,47.5,24.4,90.54,6.42,42.3,watermelon
111.9,19.9,47.7,24.57,86.35,6.43,42.3,watermelon
114.3,15.8,54.5,26.78,83.0,6.81,47.39,watermelon
85.1,15.8,51.2,25.04,84.39,6.84,50.43,watermelon
93.3,20.3,50.6,22.98,85.86,6.62,50.08,watermelon
107.1,14.8,51.0,23.93,85.81,7.09,46.02,watermelon
93.9,14.7,50.4,24.44,85.84,6.75,52.14,watermelon
85.9,21.5,52.8,26.33,85.75,6.57,54.13,watermelon
115.4,13.7,53.2,25.41,84.74,6.04,48.86,watermelon
92.0,15.6,46.7,25.05,84.19,6.53,43.54,watermelon
88.4,18.9,47.6,26.57,85.45,6.68,55.64,watermelon
97.5,15.2,52.6,26.01,84.63,6.92,49.15,watermelon
100.3,17.6,47.2,25.58,87.79,6.63,50.12,watermelon
98.7,18.8,52.2,26.11,84.34,6.6,51.92,watermelon
91.9,18.2,43.5,25.98,86.32,6.72,48.42,watermelon
102.5,23.2,54.2,25.47,85.28,6.83,44.0,watermelon
97.4,22.8,52.9,25.87,81.99,6.49,47.64,watermelon
102.6,14.3,46.9,23.44,87.44,6.38,50.63,watermelon
100.0,13.2,46.2,24.49,83.55,6.61,46.82,watermelon
114.0,21.6,52.4,25.38,88.03,6.43,49.87,watermelon
101.4,20.3,51.9,25.02,83.93,6.69,52.86,watermelon
96.9,11.2,49.4,26.12,88.61,6.14,48.29,watermelon
96.9,22.9,49.9,24.59,86.12,6.38,45.1,watermelon
92.9,24.4,51.2,25.61,84.5,6.59,51.12,watermelon
102.3,18.0,52.6,25.52,83.04,6.32,42.08,watermelon
116.2,21.0,47.5,25.22,83.73,6.96,44.32,watermelon
100.9,17.1,52.5,25.4,81.48,6.42,46.11,watermelon
100.6,23.2,44.8,24.7,83.89,6.39,52.96,watermelon
98.6,19.2,48.1,25.73,86.56,6.28,53.13,watermelon
100.4,21.7,49.4,25.88,84.92,6.47,51.04,watermelon
104.3,12.5,54.3,23.64,83.63,6.47,51.65,watermelon
112.6,10.1,48.5,23.37,85.06,6.58,56.36,watermelon
101.0,21.7,51.8,25.06,82.18,6.58,44.03,watermelon
110.4,16.9,53.6,25.02,85.54,6.56,49.82,watermelon
96.5,19.1,47.2,24.29,87.49,6.72,50.26,watermelon
113.3,16.4,54.0,25.68,82.95,7.05,53.96,watermelon
99.0,20.4,48.8,26.33,80.22,6.19,53.92,watermelon
98.0,18.3,46.0,27.35,87.38,6.44,48.38,watermelon
108.2,25.4,52.9,27.67,83.16,6.25,45.24,watermelon
103.5,18.2,49.5,26.31,87.46,6.04,47.61,watermelon
106.6,15.6,47.6,26.52,82.42,6.41,51.31,watermelon
95.4,20.6,48.3,26.91,84.75,6.7,52.98,watermelon
95.0,9.3,51.1,25.57,86.11,6.43,48.28,watermelon
116.1,11.6,52.2,24.93,84.33,6.4,46.79,watermelon
104.6,23.1,51.4,25.6,83.03,6.66,58.63,watermelon
97.0,16.0,48.3,25.01,79.51,6.62,46.62,watermelon
87.1,20.5,46.8,25.16,87.93,6.08,43.87,watermelon
102.2,22.1,45.3,25.91,86.16,5.88,53.19,watermelon
107.0,16.3,53.8,26.64,85.21,6.36,46.11,watermelon
99.7,19.8,49.0,23.3,87.54,6.56,48.48,watermelon
106.9,23.6,41.6,25.93,82.15,6.65,50.51,watermelon
105.1,15.5,44.4,25.05,85.81,6.8,45.31,watermelon
108.2,14.9,51.1,24.99,85.36,6.77,45.09,watermelon
94.6,18.2,57.2,24.64,89.08,7.1,49.61,watermelon
97.6,14.7,49.8,24.09,84.85,6.95,47.56,watermelon
98.1,10.7,51.1,25.76,85.13,6.43,48.83,watermelon
104.0,17.4,50.9,25.71,87.25,6.7,50.77,watermelon
112.1,19.2,53.9,26.11,81.32,6.89,50.54,watermelon
99.6,18.6,49.0,25.73,83.82,6.88,49.55,watermelon
96.9,13.8,50.8,25.69,85.78,6.19,43.6,watermelon
105.0,23.4,46.9,27.09,85.57,6.5,48.41,watermelon
88.9,21.5,47.7,24.72,86.98,5.94,43.91,watermelon
99.9,18.7,51.5,25.2,90.06,6.43,49.08,watermelon
93.6,18.0,51.8,26.7,82.02,6.43,51.79,watermelon
104.7,17.5,51.6,24.69,88.12,6.8,44.62,watermelon
91.4,13.3,52.0,24.22,84.34,6.64,49.74,watermelon
102.1,13.2,51.8,24.89,84.35,6.57,50.41,watermelon
100.2,14.5,49.1,25.5,82.25,6.36,51.55,watermelon
89.8,22.1,53.8,24.25,87.72,6.46,51.67,watermelon
96.0,21.2,51.2,24.69,82.67,6.06,50.75,watermelon
104.6,20.1,49.6,24.34,83.64,6.85,48.06,watermelon
101.1,13.2,51.0,25.04,87.09,6.73,48.02,watermelon
99.0,15.3,45.7,24.64,85.4,6.6,50.59,watermelon
97.6,21.2,50.2,26.2,81.45,5.32,51.14,watermelon
88.6,16.7,49.1,27.09,85.8,6.55,53.35,watermelon
102.9,15.7,53.2,24.39,85.65,6.04,50.82,watermelon
101.5,24.2,45.3,24.9,86.65,6.6,50.72,watermelon
92.4,15.1,53.7,25.45,85.75,6.47,45.27,watermelon
107.5,19.5,56.9,27.48,93.73,6.14,25.47,muskmelon
107.8,9.2,49.4,27.94,91.45,6.48,28.36,muskmelon
98.9,18.3,50.3,28.5,90.87,6.62,25.89,muskmelon
103.2,14.3,48.6,28.32,90.2,6.06,23.2,muskmelon
104.2,14.9,46.9,27.69,91.82,6.33,31.5,muskmelon
108.4,21.6,53.5,27.5,90.67,6.18,29.0,muskmelon
95.6,12.5,48.7,28.26,92.9,6.45,22.52,muskmelon
105.5,14.9,49.5,29.19,91.54,6.29,26.78,muskmelon
93.1,16.0,51.7,30.55,93.41,6.49,26.59,muskmelon
91.4,18.0,49.9,28.82,92.67,6.48,24.07,muskmelon
100.5,12.6,49.0,29.89,92.98,6.4,30.69,muskmelon
89.1,13.1,55.1,28.55,92.14,6.16,26.34,muskmelon
104.4,13.1,49.6,28.16,92.88,6.18,28.76,muskmelon
107.3,16.0,49.4,28.36,91.33,6.31,24.19,muskmelon
112.9,21.3,52.8,28.87,90.82,6.39,27.91,muskmelon
89.9,20.0,57.0,29.56,94.62,6.44,27.9,muskmelon
94.3,20.7,52.0,28.79,94.47,6.29,24.44,muskmelon
100.8,13.4,50.7,26.78,94.07,6.41,23.44,muskmelon
93.3,16.6,52.1,29.05,91.44,6.23,26.97,muskmelon
94.2,17.7,50.4,28.81,93.79,6.15,20.0,muskmelon
95.5,24.7,56.1,30.33,92.21,6.04,20.0,muskmelon
95.1,16.7,53.9,29.37,92.84,6.22,22.12,muskmelon
102.0,20.3,51.2,27.47,93.48,6.49,21.79,muskmelon
93.7,20.3,49.3,30.09,93.25,6.3,24.97,muskmelon
100.5,14.6,47.3,29.2,93.77,6.52,29.55,muskmelon
95.7,24.2,47.3,27.49,89.86,6.31,23.49,muskmelon
104.2,18.5,46.4,28.11,91.94,6.04,22.06,muskmelon
93.8,23.2,50.6,29.16,90.25,6.64,28.9,muskmelon
84.0,14.7,51.5,29.14,91.48,6.34,23.21,muskmelon
100.9,22.3,47.7,29.5,91.33,6.23,27.46,muskmelon
107.4,20.9,46.1,28.03,93.73,6.41,21.78,muskmelon
103.7,14.6,55.4,30.04,93.41,6.67,25.19,muskmelon
106.1,23.4,50.7,28.24,89.94,6.38,27.47,muskmelon
107.6,19.5,48.4,26.52,91.76,6.34,24.06,muskmelon
104.9,25.4,50.4,28.28,92.11,6.42,22.52,muskmelon
101.0,19.3,50.6,28.96,93.15,6.05,26.91,muskmelon
94.6,13.1,46.7,28.93,92.17,6.06,26.43,muskmelon
88.5,18.1,50.7,29.39,95.17,6.13,24.84,muskmelon
97.8,19.2,50.6,28.15,91.84,6.18,27.96,muskmelon
103.7,21.2,49.1,27.84,90.88,6.47,21.88,muskmelon
114.8,12.3,50.8,30.07,93.4,6.44,22.09,muskmelon
88.9,20.6,54.5,28.06,90.79,5.91,22.06,muskmelon
99.1,23.9,52.0,28.81,91.9,6.28,29.22,muskmelon
101.6,9.1,48.0,27.64,91.68,6.51,24.68,muskmelon
99.4,22.8,47.9,30.36,91.49,6.42,24.16,muskmelon
101.0,19.3,51.3,27.75,90.82,6.9,23.55,muskmelon
105.6,11.1,49.2,28.37,93.21,5.86,25.5,muskmelon
90.8,18.8,46.9,27.64,92.09,6.19,23.57,muskmelon
90.5,10.2,53.1,27.2,92.23,6.55,23.16,muskmelon
93.4,18.4,53.4,27.33,92.27,6.05,23.82,muskmelon
100.3,14.1,48.6,27.09,92.62,6.61,21.71,muskmelon
95.0,19.5,53.6,27.01,92.25,6.46,24.69,muskmelon
80.2,19.5,54.6,28.62,90.95,6.3,30.31,muskmelon
107.3,20.1,51.1,27.84,92.2,6.38,26.65,muskmelon
112.1,22.0,45.7,28.72,93.61,6.52,23.11,muskmelon
123.3,12.4,46.8,28.73,95.68,6.23,24.2,muskmelon
108.6,17.4,49.0,29.07,92.91,6.61,28.87,muskmelon
102.5,18.7,50.6,28.99,92.58,6.4,28.59,muskmelon
112.1,11.5,50.0,27.81,92.03,6.48,27.01,muskmelon
99.1,9.8,47.1,29.4,88.39,6.64,26.56,muskmelon
110.5,16.7,43.8,28.93,94.41,6.58,23.01,muskmelon
100.7,15.4,47.5,29.46,90.7,6.22,21.69,muskmelon
88.1,18.1,53.5,28.32,90.24,6.57,30.06,muskmelon
94.8,15.6,51.5,30.12,91.72,6.13,26.89,muskmelon
106.4,17.5,48.3,29.49,93.29,6.25,25.15,muskmelon
89.2,20.2,49.2,28.06,92.45,6.41,27.68,muskmelon
104.7,16.9,52.3,28.9,91.86,6.38,24.56,muskmelon
104.0,16.0,48.8,30.47,93.91,6.25,26.71,muskmelon
100.9,19.1,50.4,29.69,93.02,6.39,28.13,muskmelon
101.9,18.0,50.9,28.41,92.51,6.28,22.75,muskmelon
92.0,11.9,47.4,28.33,92.65,6.35,20.0,muskmelon
112.6,21.8,51.3,30.41,91.03,6.78,22.1,muskmelon
101.9,12.4,50.0,28.89,92.27,6.54,25.3,muskmelon
95.8,15.2,52.4,27.85,93.87,6.64,20.0,muskmelon
109.1,25.7,50.8,29.1,94.06,6.34,25.55,muskmelon
89.5,18.1,51.5,29.02,94.1,6.25,23.4,muskmelon
115.2,16.9,50.6,28.43,91.27,6.72,23.42,muskmelon
91.0,15.7,44.0,27.85,91.05,6.52,22.98,muskmelon
107.1,23.1,52.3,28.28,92.71,6.1,24.6,muskmelon
93.1,20.3,57.7,29.0,89.51,6.33,25.37,muskmelon
100.7,14.6,50.7,27.26,91.08,6.53,21.95,muskmelon
104.3,12.0,55.3,27.73,92.16,6.47,23.3,muskmelon
101.1,19.8,52.9,29.29,92.24,6.37,32.05,muskmelon
107.6,13.8,50.3,28.16,92.3,6.15,23.76,muskmelon
114.5,19.8,42.5,29.72,94.13,6.33,27.15,muskmelon
93.1,15.6,54.5,28.23,89.7,6.39,24.76,muskmelon
109.6,17.6,48.7,29.55,92.68,6.25,28.46,muskmelon
101.5,17.5,50.5,27.43,91.71,6.4,24.42,muskmelon
110.2,18.4,52.6,28.51,94.08,6.48,25.04,muskmelon
99.9,13.7,51.5,28.46,91.75,6.62,21.25,muskmelon
96.6,21.6,50.9,28.45,92.88,6.44,20.45,muskmelon
97.2,24.0,48.0,28.18,91.69,6.38,23.25,muskmelon
103.9,18.3,52.3,27.45,91.99,6.35,26.37,muskmelon
93.7,21.2,53.6,27.51,91.76,6.29,32.9,muskmelon
96.6,24.2,46.2,27.51,91.47,6.23,24.2,muskmelon
94.3,14.2,53.5,29.72,93.92,6.5,25.28,muskmelon
96.0,13.7,51.1,27.33,91.01,6.63,30.7,muskmelon
103.1,21.9,49.3,27.16,93.42,6.51,25.22,muskmelon
98.1,21.3,47.0,27.73,90.99,6.42,21.74,muskmelon
94.5,14.7,49.2,27.01,92.63,6.65,25.41,muskmelon
26.2,139.2,202.3,22.57,92.53,6.23,110.54,apple
12.5,135.0,196.6,21.54,92.5,5.97,105.44,apple
20.7,137.3,196.6,23.77,90.16,6.64,110.44,apple
20.6,123.0,199.8,22.73,92.37,5.83,107.77,apple
24.5,132.7,204.6,21.97,91.85,6.24,104.39,apple
15.1,138.0,196.5,20.68,95.3,5.58,113.42,apple
20.3,118.4,199.2,22.95,93.03,6.27,110.56,apple
22.9,129.1,195.8,21.2,90.31,6.3,104.93,apple
21.1,131.2,199.7,23.86,91.84,6.18,112.69,apple
19.4,144.0,195.7,23.79,93.48,5.86,120.65,apple
12.6,129.9,196.4,22.91,90.83,6.13,111.57,apple
18.1,134.4,199.2,21.41,96.7,5.85,101.41,apple
16.6,126.2,202.5,22.82,93.1,5.89,111.1,apple
18.5,132.1,202.5,22.84,93.25,6.15,116.92,apple
21.2,134.3,203.6,21.83,91.22,5.64,113.41,apple
12.6,134.8,199.7,23.63,91.49,5.94,118.11,apple
25.5,129.1,200.5,22.79,93.06,5.92,118.91,apple
12.4,130.4,201.3,22.96,94.53,6.36,111.07,apple
25.2,128.9,202.8,24.31,94.32,6.03,110.84,apple
13.9,134.1,196.7,21.71,90.71,5.86,112.36,apple
21.1,129.5,203.2,22.29,91.32,6.07,122.32,apple
21.3,130.7,195.4,22.28,92.85,5.88,104.17,apple
16.6,139.8,204.3,21.61,93.51,5.65,119.52,apple
21.0,137.2,194.9,23.18,92.49,6.26,117.07,apple
20.3,129.5,202.3,22.44,91.19,5.72,105.11,apple
18.0,138.0,200.5,21.97,93.71,5.75,112.98,apple
19.3,136.4,195.3,21.65,90.04,5.92,118.56,apple
18.0,129.9,202.6,23.57,92.37,6.21,107.12,apple
25.5,143.2,201.6,20.42,91.66,6.18,110.39,apple
25.1,135.4,197.9,22.53,91.16,5.95,109.73,apple
24.7,143.1,195.7,20.58,92.13,5.54,112.73,apple
23.0,140.0,200.6,22.31,89.53,6.01,112.86,apple
22.6,129.0,198.7,21.02,89.06,5.67,104.65,apple
21.3,129.9,198.4,21.52,87.65,6.45,107.5,apple
18.4,125.2,202.9,22.64,91.26,5.88,120.89,apple
19.7,131.6,197.2,20.61,92.26,6.1,118.0,apple
11.0,126.9,198.3,22.5,92.28,5.96,114.54,apple
16.4,137.2,201.3,22.18,94.9,6.47,117.16,apple
7.9,140.4,202.4,24.51,94.36,6.47,116.89,apple
25.4,142.5,200.6,20.93,92.04,6.12,112.87,apple
15.0,124.3,197.8,23.31,94.87,6.27,117.79,apple
19.7,123.8,198.6,22.24,91.75,6.02,114.71,apple
23.4,131.1,194.3,22.02,92.57,6.37,109.66,apple
22.1,134.0,200.1,23.43,91.51,5.83,112.44,apple
17.4,135.0,197.9,22.73,92.35,6.06,110.2,apple
18.6,133.0,200.6,22.5,95.06,5.7,112.18,apple
13.7,134.4,196.7,22.22,91.94,6.08,109.74,apple
17.6,139.7,200.9,21.94,92.12,6.49,111.32,apple
17.2,129.1,198.4,21.91,90.58,5.66,108.35,apple
22.4,130.6,199.4,23.77,94.44,5.92,109.35,apple
16.5,136.0,199.4,22.11,91.28,5.77,114.1,apple
14.7,137.5,198.4,22.35,90.49,6.0,110.86,apple
19.8,139.9,200.5,21.71,91.43,6.18,118.99,apple
21.1,135.9,201.8,23.92,89.58,6.2,117.42,apple
14.6,128.1,197.4,21.77,91.78,6.07,116.83,apple
24.3,128.3,197.5,23.82,93.47,6.02,114.87,apple
19.9,135.1,199.0,22.77,90.23,5.79,109.11,apple
18.5,127.9,198.4,20.99,93.32,5.98,103.97,apple
16.7,134.2,198.4,21.8,92.39,6.1,105.32,apple
22.2,128.5,199.9,22.46,91.71,5.69,111.07,apple
26.5,125.7,205.0,22.24,92.55,5.67,108.64,apple
18.0,127.3,199.4,22.09,95.28,5.65,113.01,apple
21.0,127.1,202.1,22.1,88.76,6.2,106.92,apple
15.8,135.9,199.0,23.42,94.32,5.81,116.47,apple
17.0,143.7,197.9,23.53,93.77,6.09,109.15,apple
19.4,121.7,200.7,22.85,92.7,5.11,106.17,apple
17.0,134.0,200.9,22.33,93.45,5.69,115.55,apple
21.9,134.4,199.5,24.33,93.24,5.71,113.74,apple
23.0,129.6,203.3,22.88,88.99,6.09,110.47,apple
22.1,137.2,200.6,24.17,92.23,6.19,116.52,apple
19.6,136.4,198.2,22.08,90.53,6.07,114.13,apple
24.7,136.5,199.1,21.32,93.15,6.33,116.28,apple
24.3,131.4,198.6,21.76,92.42,5.98,113.53,apple
19.5,131.8,197.7,23.44,92.61,5.95,108.76,apple
14.7,139.0,201.7,20.88,93.64,6.28,113.12,apple
26.4,133.6,195.7,22.87,92.87,5.82,115.37,apple
13.3,137.5,197.4,21.52,92.33,6.13,113.32,apple
17.0,130.0,196.6,22.28,94.11,6.0,116.8,apple
25.8,129.6,199.4,24.67,94.67,5.5,114.44,apple
20.0,136.6,197.8,21.66,91.49,5.83,116.58,apple
15.3,129.4,194.6,23.51,94.41,5.9,111.01,apple
21.8,139.9,201.2,21.8,90.07,5.67,112.87,apple
17.4,133.5,198.3,21.44,90.73,6.47,116.94,apple
26.9,135.2,198.7,23.82,92.45,6.07,112.29,apple
8.2,140.5,201.5,22.83,92.41,6.05,109.51,apple
22.5,126.0,200.6,23.06,92.2,6.11,107.54,apple
16.1,133.7,202.0,20.63,93.28,5.84,111.54,apple
14.6,128.2,202.9,22.53,91.93,5.97,114.95,apple
21.8,132.1,203.3,23.47,93.12,6.02,115.79,apple
21.3,137.8,202.7,21.48,90.87,5.79,117.38,apple
13.7,134.5,201.1,23.66,92.77,5.6,107.7,apple
15.3,129.8,199.5,21.33,94.71,5.6,119.23,apple
24.7,137.0,197.9,22.84,90.58,6.27,112.13,apple
18.4,126.4,192.6,21.46,94.17,5.88,111.65,apple
22.6,141.5,204.0,21.53,89.59,6.71,123.84,apple
20.8,126.1,202.9,22.39,92.33,6.27,114.17,apple
15.3,130.9,202.0,23.01,92.89,6.28,110.69,apple
20.7,115.6,198.7,23.26,91.91,5.86,107.29,apple
24.0,135.2,202.5,20.77,92.26,5.92,111.1,apple
17.5,130.8,202.5,20.59,95.17,6.15,112.29,apple
23.6,11.7,8.7,22.14,94.55,6.98,111.8,orange
17.6,19.4,13.4,25.49,92.38,7.27,112.31,orange
22.0,21.9,12.2,22.12,93.46,6.85,106.31,orange
18.9,17.2,6.7,25.08,88.35,8.09,116.01,orange
19.0,17.5,10.6,20.73,92.79,6.94,109.62,orange
20.7,12.2,10.1,22.99,92.69,6.91,114.55,orange
18.6,18.4,12.6,22.26,92.82,6.96,114.95,orange
19.0,22.6,9.8,19.92,93.52,6.88,112.48,orange
9.1,17.5,9.1,19.31,91.67,6.77,109.81,orange
14.5,18.8,12.7,23.34,93.71,7.44,114.95,orange
27.5,15.5,8.6,24.85,93.56,7.31,117.56,orange
20.0,19.2,8.0,28.91,92.0,6.88,108.61,orange
17.4,14.6,9.0,18.4,91.32,7.78,112.94,orange
23.7,22.2,13.7,17.19,90.66,6.68,108.12,orange
18.8,15.7,10.4,22.61,91.42,6.13,106.03,orange
17.8,16.5,7.7,21.03,90.8,6.95,105.71,orange
16.6,12.3,9.7,19.9,93.86,7.16,109.72,orange
16.8,19.0,11.4,22.93,94.91,7.18,113.65,orange
20.5,20.2,8.4,21.12,93.02,7.14,112.03,orange
24.4,11.8,8.1,23.19,91.41,8.35,112.06,orange
19.7,15.4,9.0,22.59,92.67,6.82,108.91,orange
25.4,23.0,10.5,18.48,93.31,7.62,115.48,orange
22.9,23.2,10.1,24.38,91.48,7.12,115.32,orange
17.6,14.1,10.2,21.82,93.47,6.82,116.87,orange
14.8,22.5,8.5,17.11,92.86,6.9,105.56,orange
13.3,17.5,12.0,24.25,92.59,7.19,109.89,orange
14.3,11.8,9.6,22.02,93.78,7.3,112.42,orange
18.9,12.0,10.8,24.08,88.92,6.67,107.24,orange
20.5,14.3,9.9,21.87,92.26,6.71,107.44,orange
15.7,19.0,11.1,20.19,94.78,6.87,116.12,orange
17.4,9.4,10.8,23.25,92.55,6.74,109.86,orange
18.0,16.3,11.7,23.05,93.41,6.91,108.63,orange
15.4,16.0,5.0,20.73,92.38,7.23,108.93,orange
21.4,8.8,9.9,17.46,90.69,6.93,115.11,orange
21.5,17.6,10.0,20.36,91.68,7.17,104.46,orange
22.4,15.9,11.7,25.38,89.99,6.77,106.58,orange
12.7,13.4,14.9,24.33,95.38,7.33,107.03,orange
18.5,19.9,10.9,20.77,90.24,8.32,109.44,orange
18.7,18.0,9.5,22.87,94.43,6.95,105.35,orange
19.4,15.6,12.8,26.01,92.66,6.49,105.1,orange
20.1,18.8,9.3,21.06,91.61,6.99,100.47,orange
15.6,15.0,12.4,20.06,92.77,7.09,115.19,orange
25.1,17.3,9.0,20.51,92.14,6.83,112.21,orange
21.7,19.9,12.5,28.09,92.69,7.44,108.59,orange
24.7,21.7,12.0,22.78,91.5,6.44,109.84,orange
26.1,16.3,11.6,25.03,92.07,7.53,98.37,orange
15.1,13.8,8.4,23.51,92.94,7.16,112.38,orange
16.2,12.6,10.8,20.61,90.14,7.39,115.58,orange
26.2,18.2,11.3,26.61,91.54,7.44,111.1,orange
23.7,18.2,12.6,23.17,90.27,7.58,106.21,orange
25.0,17.1,12.4,25.9,93.15,7.2,111.69,orange
11.9,18.0,7.8,23.01,90.79,6.53,116.42,orange
24.3,17.5,10.4,21.76,93.35,6.73,113.97,orange
19.0,15.8,10.0,20.73,92.99,6.79,111.87,orange
24.9,14.6,9.7,23.88,91.85,7.19,112.22,orange
24.3,15.1,8.1,21.58,91.05,7.23,105.35,orange
29.3,22.7,10.0,25.1,90.04,8.01,107.64,orange
19.5,10.1,11.0,19.18,92.65,6.78,105.69,orange
16.8,18.4,7.4,20.25,93.49,8.04,111.91,orange
16.3,16.0,10.1,21.45,93.85,7.09,113.63,orange
18.7,22.8,9.7,19.59,95.77,6.27,107.05,orange
17.5,27.5,13.6,26.98,92.0,7.97,111.47,orange
23.9,18.2,9.9,21.74,92.19,7.24,111.47,orange
19.9,23.5,5.0,24.03,93.58,7.46,109.74,orange
20.8,21.4,13.0,21.6,92.9,7.67,101.5,orange
17.2,23.4,12.2,24.07,91.83,6.65,107.64,orange
26.2,15.0,10.2,20.24,93.76,6.78,109.61,orange
13.3,11.0,10.0,18.52,95.66,6.18,106.8,orange
20.1,16.0,7.8,19.63,91.01,6.89,117.81,orange
20.3,22.2,11.0,25.84,88.3,6.88,115.23,orange
17.7,24.5,13.0,21.09,91.75,6.59,107.48,orange
15.1,19.2,7.1,24.31,93.44,6.34,116.2,orange
22.1,20.5,8.5,24.37,94.19,6.96,118.01,orange
20.2,22.1,10.6,24.26,89.99,7.15,107.06,orange
16.6,24.5,9.6,19.49,91.96,6.48,115.74,orange
17.2,19.6,12.7,21.0,93.3,6.59,119.78,orange
23.7,16.7,8.5,22.16,91.99,7.78,105.1,orange
20.5,17.4,9.8,22.17,92.33,7.35,112.44,orange
21.7,5.4,10.6,17.53,93.47,7.59,106.3,orange
19.0,15.1,12.5,22.79,95.09,7.17,110.97,orange
20.3,20.8,6.5,22.76,92.39,7.29,109.25,orange
15.8,17.5,7.8,16.72,93.59,7.23,111.87,orange
25.2,14.8,7.1,22.29,91.98,6.66,109.68,orange
17.6,10.2,9.1,19.09,92.85,6.74,114.45,orange
26.4,20.2,6.9,27.02,94.86,7.01,115.29,orange
17.8,10.0,8.5,27.69,90.26,7.0,110.14,orange
17.9,15.7,10.1,20.81,90.37,7.09,114.29,orange
23.5,14.3,7.5,21.65,94.85,7.26,112.82,orange
23.6,19.2,10.2,24.49,91.68,6.43,112.89,orange
25.0,13.0,11.6,27.54,92.5,6.67,110.49,orange
17.8,15.0,10.9,17.69,90.33,7.01,109.91,orange
21.4,25.0,10.2,24.29,91.04,7.31,107.89,orange
20.3,17.1,12.1,18.57,89.08,6.91,111.87,orange
20.6,22.4,10.9,20.81,89.01,6.91,114.11,orange
18.4,17.6,10.8,19.45,93.43,7.65,109.31,orange
15.5,17.2,5.6,23.51,93.18,7.67,109.22,orange
21.6,14.1,9.3,17.92,92.21,6.88,111.2,orange
17.5,17.8,9.3,21.51,92.62,7.02,113.04,orange
19.5,16.1,9.6,20.36,91.96,7.81,106.35,orange
18.9,16.0,9.5,21.51,92.92,6.32,114.15,orange
53.8,51.3,43.2,30.57,92.14,7.27,155.87,papaya
39.2,54.1,49.8,34.26,90.53,6.72,130.65,papaya
43.4,58.8,52.3,36.02,93.36,6.65,159.29,papaya
51.9,58.2,48.2,32.01,92.61,7.24,151.02,papaya
46.3,53.3,48.5,40.03,91.9,6.93,137.48,papaya
51.6,61.5,48.3,31.58,94.99,6.95,160.81,papaya
54.7,59.8,56.1,33.63,93.37,6.46,128.5,papaya
42.8,63.9,42.3,32.29,88.01,6.58,135.18,papaya
58.3,59.5,47.5,36.7,92.53,6.76,120.95,papaya
44.1,53.4,50.1,33.73,94.82,6.83,90.85,papaya
51.6,50.2,47.1,31.06,91.5,6.47,149.07,papaya
41.5,59.3,56.7,29.51,92.07,6.25,138.98,papaya
53.9,61.1,50.2,36.17,96.32,7.09,134.55,papaya
41.3,55.5,47.2,34.85,90.73,6.74,161.76,papaya
49.4,52.8,53.5,27.86,92.01,6.74,145.32,papaya
51.1,60.6,49.9,32.4,91.89,6.63,160.75,papaya
46.1,61.7,50.1,31.94,93.43,6.6,157.76,papaya
51.3,54.5,51.6,35.14,94.24,6.94,154.83,papaya
43.2,69.7,45.8,36.35,93.15,6.52,142.51,papaya
49.5,64.0,47.9,32.71,89.0,7.1,123.59,papaya
52.0,57.0,49.7,35.93,95.01,6.8,158.1,papaya
52.0,62.6,48.6,36.73,94.17,6.97,131.8,papaya
49.0,58.7,45.9,38.28,92.48,6.81,133.46,papaya
42.0,54.5,50.7,35.52,92.74,6.82,138.26,papaya
53.0,64.9,52.1,35.93,92.94,6.45,124.11,papaya
52.7,57.4,51.3,38.53,93.59,7.0,146.89,papaya
45.2,57.2,47.6,38.17,93.69,6.85,169.72,papaya
37.9,60.4,46.1,33.48,92.03,6.88,149.56,papaya
58.1,54.5,52.1,33.99,90.05,6.57,142.0,papaya
56.7,59.8,46.5,33.08,95.53,6.77,138.45,papaya
53.0,61.3,48.6,35.01,92.01,6.89,148.39,papaya
52.9,53.7,47.5,36.34,92.38,6.81,138.87,papaya
55.4,54.5,49.6,35.86,94.26,6.65,184.19,papaya
51.9,52.3,51.1,32.35,93.15,6.74,146.49,papaya
44.5,62.5,46.5,30.17,93.05,7.07,137.95,papaya
54.2,62.9,52.4,32.57,90.86,6.31,139.74,papaya
57.1,51.9,52.1,30.65,92.66,6.89,131.81,papaya
51.0,55.4,52.1,34.21,92.58,7.06,158.25,papaya
45.9,57.1,49.8,33.74,96.29,6.82,104.28,papaya
46.7,47.8,49.0,27.54,91.19,6.45,152.68,papaya
50.0,59.0,49.7,29.32,93.27,7.13,153.18,papaya
47.4,50.4,47.3,34.86,94.11,6.8,161.0,papaya
54.2,60.0,48.0,34.02,91.23,6.75,151.62,papaya
60.1,51.0,51.4,37.94,93.64,6.92,156.75,papaya
57.8,52.1,45.8,33.48,89.26,7.0,169.41,papaya
47.4,55.6,49.8,33.66,92.69,6.86,141.55,papaya
55.7,59.7,48.2,37.51,90.46,6.73,164.34,papaya
45.7,59.0,51.6,30.92,92.39,6.72,133.97,papaya
63.8,53.7,53.0,32.32,90.87,6.77,157.98,papaya
55.5,65.3,58.8,34.25,91.51,6.84,139.68,papaya
55.6,51.0,57.1,36.07,89.97,6.61,161.32,papaya
57.1,51.1,52.1,27.66,92.37,6.97,133.97,papaya
41.0,58.2,48.2,35.39,91.17,6.6,104.58,papaya
51.0,56.7,46.4,34.08,94.04,6.71,150.36,papaya
51.6,51.5,56.2,32.09,93.48,6.9,142.21,papaya
53.6,58.7,45.7,32.5,91.58,6.66,118.92,papaya
56.8,65.5,52.9,37.31,91.98,6.62,129.43,papaya
53.9,58.6,49.8,37.39,93.11,6.58,131.38,papaya
54.1,62.7,51.7,39.19,94.95,6.84,128.23,papaya
42.1,55.6,52.3,38.98,93.13,6.98,140.09,papaya
53.7,61.6,44.1,32.26,93.92,6.8,121.07,papaya
35.4,55.7,49.8,30.85,92.71,6.85,158.41,papaya
35.9,50.9,49.1,35.22,93.23,6.84,137.33,papaya
48.0,53.9,52.3,30.74,93.78,6.79,144.1,papaya
46.1,50.7,48.1,32.51,88.95,6.71,163.49,papaya
53.4,55.0,50.1,31.83,92.72,7.06,164.37,papaya
53.1,55.0,52.2,28.44,92.12,6.87,159.81,papaya
54.0,59.0,49.4,35.11,91.07,6.58,146.23,papaya
51.0,48.4,51.4,35.82,92.38,7.22,131.34,papaya
47.8,55.5,49.8,32.51,90.39,6.64,143.05,papaya
57.4,68.5,54.0,31.17,91.46,6.72,180.69,papaya
49.0,50.9,48.5,35.77,93.53,6.71,158.67,papaya
36.4,58.0,52.6,31.0,91.25,6.38,176.8,papaya
45.7,58.7,51.8,38.04,92.27,6.64,148.46,papaya
57.7,56.6,47.1,28.88,90.67,6.92,138.59,papaya
46.4,53.9,50.3,32.78,92.09,7.02,175.76,papaya
40.3,59.1,47.7,32.76,92.96,6.71,149.61,papaya
54.0,59.0,48.1,31.61,90.34,6.58,184.24,papaya
45.2,51.5,51.0,33.17,92.21,7.03,155.98,papaya
46.8,55.4,48.5,36.12,92.04,6.39,144.03,papaya
40.8,68.4,47.1,33.01,92.89,6.69,139.2,papaya
52.5,65.1,52.3,37.94,90.93,6.81,148.1,papaya
52.1,64.4,49.3,32.28,93.3,6.39,140.26,papaya
49.2,52.9,53.2,30.31,92.3,6.81,172.07,papaya
49.9,62.2,52.1,33.87,90.87,6.46,147.13,papaya
46.7,62.1,52.2,32.95,90.76,6.85,124.64,papaya
45.4,52.6,49.6,37.01,92.49,6.66,114.49,papaya
53.3,53.6,50.4,32.44,93.76,6.72,143.82,papaya
52.9,68.0,52.7,33.23,92.5,6.65,126.0,papaya
46.7,53.6,52.0,30.29,94.5,6.9,145.41,papaya
50.0,54.7,50.8,36.76,91.45,6.44,159.06,papaya
51.9,51.9,47.8,30.92,91.41,6.69,139.67,papaya
46.1,53.7,49.3,34.0,92.03,6.98,155.16,papaya
40.5,60.1,51.8,32.2,90.26,6.75,144.85,papaya
43.3,50.2,49.7,32.8,91.87,6.73,122.94,papaya
47.4,60.2,49.0,28.48,91.79,6.54,150.34,papaya
51.9,49.2,52.3,30.16,94.84,6.74,120.07,papaya
43.1,59.2,48.8,33.21,94.92,6.61,146.2,papaya
58.5,58.9,45.2,35.02,90.76,7.03,128.54,papaya
67.8,64.8,47.6,33.56,93.63,6.91,153.85,papaya
32.5,17.0,29.3,26.15,95.29,6.11,181.87,coconut
30.7,9.3,30.6,26.72,96.5,5.54,200.86,coconut
27.8,19.5,33.4,27.06,94.6,6.07,170.25,coconut
27.4,14.6,29.9,24.16,94.64,5.96,172.46,coconut
28.4,11.8,33.9,26.4,93.78,5.71,177.86,coconut
33.0,21.6,31.7,27.05,93.46,5.56,174.48,coconut
26.6,21.7,30.6,28.11,95.8,5.86,150.57,coconut
33.0,22.9,27.3,28.01,94.57,6.05,201.72,coconut
32.9,20.1,30.9,27.12,93.4,5.98,163.97,coconut
26.2,16.0,28.7,26.64,93.51,6.15,153.17,coconut
27.0,18.0,29.4,26.33,91.62,6.11,187.21,coconut
29.5,21.7,30.4,26.98,94.23,6.21,153.84,coconut
23.9,23.8,25.1,26.36,95.76,5.97,171.42,coconut
28.0,16.1,30.1,25.82,95.66,6.43,175.5,coconut
22.0,15.4,29.6,27.01,92.49,5.77,185.16,coconut
31.3,15.0,27.3,29.78,95.17,5.92,190.54,coconut
27.0,21.0,30.3,26.59,93.83,5.57,206.57,coconut
23.7,12.1,29.6,25.54,93.92,6.21,192.43,coconut
30.8,16.3,30.1,26.91,91.36,6.17,155.64,coconut
35.7,15.9,29.6,25.73,93.06,6.68,191.61,coconut
21.3,23.5,32.4,26.22,94.46,6.0,207.09,coconut
24.3,18.1,29.1,25.07,97.29,5.65,180.8,coconut
20.5,15.9,30.8,25.68,94.88,5.92,194.9,coconut
32.9,15.2,30.2,26.68,94.93,6.0,180.35,coconut
26.5,18.0,32.6,27.15,95.05,6.22,175.19,coconut
28.8,13.2,32.5,23.72,93.87,6.34,157.04,coconut
29.1,14.8,29.3,27.45,94.3,5.39,162.85,coconut
31.4,19.3,33.5,28.18,93.49,6.75,177.87,coconut
23.6,15.0,25.5,28.11,96.39,5.7,174.08,coconut
27.9,13.7,26.5,26.29,93.52,5.88,180.84,coconut
33.2,16.3,30.3,27.23,94.83,5.82,178.95,coconut
29.7,13.0,32.5,27.93,92.92,6.06,187.13,coconut
25.3,19.4,30.3,25.03,94.69,5.67,191.59,coconut
24.8,16.9,32.7,27.0,92.38,5.7,168.51,coconut
29.1,18.9,28.3,25.33,94.42,5.95,209.86,coconut
27.6,24.8,27.7,24.93,92.32,6.36,203.84,coconut
24.4,15.7,27.7,24.69,95.08,6.07,177.66,coconut
21.9,24.1,29.0,27.03,91.82,5.94,181.87,coconut
28.8,18.1,31.0,25.37,94.3,6.03,180.98,coconut
27.8,12.4,27.4,24.29,95.23,6.25,190.15,coconut
28.7,9.0,27.9,26.67,94.2,5.93,183.03,coconut
27.5,18.0,28.7,27.48,93.35,5.6,165.94,coconut
26.1,21.5,29.9,26.31,92.13,6.24,167.72,coconut
27.1,23.4,31.0,24.87,91.35,5.98,159.31,coconut
30.1,17.7,30.3,25.79,96.61,6.85,173.32,coconut
28.9,17.9,29.5,25.67,92.37,5.66,183.58,coconut
25.4,7.2,30.9,26.46,96.02,6.11,155.32,coconut
18.6,14.6,28.7,27.44,93.99,6.34,157.63,coconut
31.4,20.4,26.0,27.82,94.14,6.12,164.53,coconut
32.6,12.8,31.7,27.32,92.54,6.6,180.97,coconut
30.1,11.4,34.2,25.28,95.54,5.7,168.22,coconut
30.7,21.6,27.5,27.59,95.57,5.72,201.48,coconut
21.7,15.0,31.0,25.65,94.4,6.07,174.69,coconut
30.8,16.6,30.5,27.65,95.19,6.24,160.26,coconut
29.6,14.0,27.4,26.43,92.64,6.24,189.72,coconut
19.9,14.2,27.1,26.04,94.68,5.93,168.65,coconut
32.7,8.3,32.5,25.96,93.88,5.84,200.64,coconut
22.6,17.5,31.1,24.89,92.62,5.96,164.2,coconut
24.2,16.1,31.3,26.16,95.62,5.7,158.72,coconut
35.2,14.9,27.4,24.76,95.61,5.9,173.69,coconut
26.9,21.6,29.6,28.84,94.2,6.32,189.58,coconut
27.4,15.2,30.7,27.01,93.14,6.05,196.04,coconut
35.8,20.9,33.7,25.87,95.05,6.4,164.06,coconut
25.6,24.5,28.0,25.16,96.29,6.36,183.98,coconut
27.3,15.7,30.6,28.08,94.36,6.65,164.03,coconut
27.4,16.0,27.8,26.35,94.63,6.16,210.06,coconut
29.4,22.1,30.1,28.18,97.6,6.16,162.61,coconut
25.3,18.6,30.9,27.2,94.69,6.0,167.96,coconut
29.1,24.9,32.0,27.03,95.54,5.89,169.88,coconut
24.5,17.0,29.2,27.71,93.29,5.76,206.64,coconut
25.7,18.1,30.9,25.36,95.85,6.19,200.88,coconut
24.8,17.9,30.1,26.76,91.82,6.03,156.1,coconut
28.9,9.0,26.3,27.32,93.18,5.7,196.56,coconut
28.8,21.0,29.7,29.18,93.09,6.52,176.58,coconut
20.9,19.4,30.6,25.45,92.62,5.99,182.75,coconut
17.6,21.7,29.0,25.17,95.41,5.99,195.74,coconut
29.3,17.5,29.7,26.98,93.38,5.74,186.65,coconut
26.9,17.6,32.2,26.39,94.02,5.82,183.96,coconut
28.9,21.1,28.8,26.04,95.19,6.08,163.91,coconut
32.7,10.7,31.6,25.23,96.83,5.54,194.78,coconut
27.2,16.0,30.4,27.13,92.64,5.76,187.24,coconut
20.7,15.2,36.1,25.53,95.72,5.82,185.14,coconut
30.1,22.0,29.6,28.49,93.12,6.07,181.18,coconut
23.0,16.4,30.3,26.07,97.66,5.75,195.19,coconut
30.9,17.4,28.3,25.73,93.22,5.46,162.45,coconut
21.6,22.9,31.2,27.29,94.88,6.05,199.41,coconut
25.1,17.9,31.5,25.18,98.64,6.01,179.63,coconut
32.5,21.2,30.1,26.63,91.74,5.83,185.26,coconut
29.3,22.4,29.8,25.11,95.59,6.43,190.97,coconut
26.8,21.7,36.9,26.62,92.03,5.82,186.88,coconut
21.1,18.2,30.8,28.04,95.97,6.26,145.06,coconut
31.2,20.3,30.5,24.77,92.83,5.65,147.27,coconut
27.5,14.3,35.3,26.33,95.94,5.53,169.55,coconut
27.9,13.9,29.2,26.28,93.65,6.56,183.17,coconut
29.4,19.7,31.2,26.42,93.52,6.05,194.85,coconut
32.0,16.5,31.5,26.31,94.05,5.86,174.78,coconut
32.9,17.9,30.3,25.05,93.54,5.93,165.06,coconut
27.6,15.8,30.2,26.62,92.57,5.88,178.66,coconut
32.2,18.5,28.7,26.9,96.56,6.28,185.71,coconut
30.4,23.3,32.2,27.07,95.6,5.68,154.97,coconut
121.3,47.8,18.9,24.83,75.34,6.79,72.58,cotton
106.9,55.0,17.3,23.41,82.27,7.26,69.46,cotton
125.5,48.9,24.7,24.4,79.65,6.66,71.28,cotton
113.4,54.4,20.0,24.57,83.79,6.06,81.39,cotton
120.4,49.7,18.3,23.24,81.22,7.95,80.02,cotton
130.1,46.5,18.8,23.22,78.78,6.18,71.38,cotton
115.5,46.6,20.3,24.36,79.96,6.77,65.18,cotton
115.4,42.6,20.9,24.91,82.35,7.3,74.33,cotton
115.8,43.8,17.0,24.99,79.56,6.5,70.87,cotton
113.1,47.7,22.1,23.65,74.37,6.92,74.22,cotton
118.2,44.4,20.4,24.07,79.94,7.17,72.85,cotton
116.1,54.4,21.1,24.83,83.07,7.21,79.64,cotton
107.4,48.5,19.6,25.68,82.32,6.75,76.86,cotton
121.3,49.8,18.0,24.36,79.43,7.11,71.38,cotton
115.3,53.4,17.9,23.02,79.87,6.69,70.57,cotton
120.8,40.0,18.0,26.05,81.15,6.7,77.09,cotton
124.5,52.5,19.7,24.98,74.9,6.58,75.82,cotton
122.6,42.9,20.5,23.38,79.31,7.41,79.54,cotton
112.0,42.2,19.2,23.97,78.36,7.42,76.74,cotton
123.2,41.2,22.3,21.18,82.09,7.37,72.84,cotton
130.2,47.2,20.1,24.34,87.97,7.54,78.51,cotton
112.7,48.2,18.4,24.82,80.35,6.55,75.41,cotton
113.2,48.3,18.3,24.03,81.88,6.98,73.05,cotton
121.6,51.0,17.8,24.26,83.29,7.23,75.29,cotton
125.1,49.8,21.5,21.98,76.12,7.4,67.47,cotton
123.2,45.7,18.0,24.35,80.5,7.84,71.88,cotton
131.5,49.3,18.7,24.8,81.41,7.01,76.33,cotton
115.2,43.4,21.5,23.78,79.8,7.11,76.33,cotton
108.6,53.9,20.2,23.8,81.08,7.09,78.84,cotton
124.3,51.1,22.7,24.88,79.6,6.55,83.34,cotton
118.1,45.1,16.5,24.34,80.37,6.39,77.27,cotton
116.0,61.0,18.9,23.56,77.81,7.51,73.14,cotton
114.2,51.0,17.2,24.63,84.45,7.23,78.19,cotton
127.0,56.0,22.4,24.44,82.26,6.65,78.88,cotton
112.0,45.7,13.8,24.4,78.39,7.44,76.95,cotton
129.0,42.1,22.1,26.11,81.91,7.32,75.85,cotton
115.8,51.3,17.0,23.58,75.57,6.72,78.21,cotton
124.0,47.8,20.3,22.11,79.07,6.73,71.7,cotton
124.8,43.2,18.8,21.91,79.26,6.56,75.4,cotton
112.4,48.0,19.7,25.67,81.24,6.26,68.68,cotton
120.4,42.9,14.1,25.35,81.8,7.21,71.96,cotton
123.4,44.0,20.4,23.08,83.79,6.37,81.16,cotton
120.3,45.1,20.3,24.73,83.42,7.13,70.55,cotton
120.4,56.6,22.7,24.91,81.99,7.28,80.79,cotton
116.3,40.7,20.1,23.18,77.36,6.71,87.43,cotton
121.1,49.3,17.6,22.16,77.95,7.58,76.67,cotton
124.8,51.2,18.8,25.39,78.42,7.56,77.21,cotton
105.7,43.8,16.4,25.16,79.94,6.11,76.88,cotton
115.7,40.1,23.4,24.11,79.27,6.84,67.43,cotton
109.6,53.9,19.1,24.02,74.89,6.47,78.05,cotton
123.0,56.3,22.7,23.77,81.18,6.87,85.27,cotton
129.2,48.3,20.4,25.44,81.45,7.62,64.03,cotton
123.7,44.9,23.5,25.55,80.08,7.61,83.92,cotton
120.6,59.9,19.9,23.79,82.16,6.86,75.43,cotton
131.3,47.6,16.6,24.37,78.26,7.35,78.48,cotton
131.8,52.0,22.2,23.33,82.01,7.79,71.56,cotton
134.4,44.8,18.3,24.3,81.79,7.36,70.19,cotton
123.5,44.1,17.0,23.07,78.12,7.21,80.76,cotton
108.2,49.3,17.6,24.63,78.44,6.58,79.0,cotton
115.3,45.9,15.6,24.95,82.05,7.0,67.36,cotton
129.7,44.2,19.1,26.31,78.24,7.3,77.81,cotton
123.1,48.9,20.8,24.27,79.87,7.6,68.44,cotton
128.2,51.6,21.4,25.12,79.77,6.25,74.64,cotton
112.1,43.8,17.5,23.52,78.51,6.05,78.5,cotton
137.8,50.5,19.6,23.95,78.95,7.04,74.81,cotton
113.3,55.9,17.0,24.72,79.75,7.76,76.7,cotton
117.1,46.3,20.1,22.86,78.08,6.29,70.39,cotton
120.8,49.0,16.0,23.86,81.41,6.93,71.83,cotton
116.7,44.8,18.7,24.17,85.77,6.7,73.41,cotton
119.6,44.1,22.2,21.63,78.67,7.33,73.53,cotton
113.4,49.7,21.8,24.21,78.0,7.18,72.99,cotton
126.0,54.9,14.8,24.11,75.66,7.98,72.66,cotton
126.0,47.3,18.4,23.08,83.96,7.38,84.72,cotton
120.4,48.9,19.5,23.71,77.4,7.03,71.05,cotton
123.5,48.4,20.6,25.68,79.91,7.3,85.26,cotton
130.5,53.3,19.4,24.23,76.7,7.2,76.37,cotton
120.2,52.6,17.6,25.63,82.25,6.97,74.26,cotton
123.8,55.1,20.2,24.14,80.05,7.71,73.16,cotton
119.8,54.8,20.3,25.14,77.72,6.92,82.42,cotton
114.6,46.7,20.5,23.01,78.97,7.05,75.23,cotton
130.2,55.2,18.3,24.11,81.69,7.61,78.59,cotton
122.3,50.8,21.3,23.07,80.48,7.58,73.96,cotton
121.0,46.3,15.4,24.02,80.75,6.8,69.23,cotton
113.0,51.3,23.9,25.38,76.64,7.34,71.68,cotton
115.3,45.2,21.4,24.96,79.75,6.97,77.32,cotton
124.5,53.4,17.4,24.02,77.33,6.98,73.87,cotton
119.6,43.5,17.0,21.91,79.67,6.83,71.62,cotton
130.6,43.2,22.8,25.62,75.12,7.04,73.0,cotton
96.7,40.3,21.5,26.02,82.26,7.13,74.89,cotton
133.5,58.2,18.8,22.0,74.75,7.53,74.76,cotton
121.5,38.5,18.5,23.7,80.52,6.84,69.81,cotton
113.7,53.5,20.5,24.61,77.75,5.82,72.38,cotton
113.1,49.2,26.6,24.7,86.84,7.23,71.85,cotton
122.8,56.4,23.7,23.42,80.63,6.43,79.12,cotton
132.4,47.7,18.7,24.36,81.04,7.03,75.89,cotton
118.6,52.5,21.5,23.02,77.47,6.9,78.68,cotton
121.2,44.3,20.5,23.67,82.2,7.13,73.42,cotton
121.9,54.1,18.9,24.4,79.82,7.17,71.73,cotton
120.9,53.0,18.1,22.67,76.77,6.53,77.98,cotton
108.8,46.0,21.2,24.42,79.04,7.08,75.54,cotton
78.2,46.4,46.7,25.31,84.94,6.6,174.15,jute
69.3,43.5,45.7,23.98,83.26,6.38,164.47,jute
77.3,47.2,42.8,24.95,76.25,6.71,171.81,jute
72.7,43.1,43.1,22.67,82.35,6.65,167.27,jute
85.9,54.9,43.4,25.0,80.76,6.24,169.78,jute
72.7,53.6,38.8,25.35,79.11,6.49,169.13,jute
90.4,43.6,40.4,23.72,76.56,6.74,167.17,jute
72.3,48.9,37.5,23.69,74.68,6.73,184.44,jute
92.1,43.9,46.5,23.5,80.75,6.53,166.29,jute
74.0,47.2,41.7,25.17,74.67,6.45,165.83,jute
79.1,46.4,37.1,24.77,84.29,6.6,170.66,jute
84.5,44.7,42.0,23.78,83.0,6.85,168.8,jute
75.3,44.9,44.1,23.23,75.5,6.58,174.84,jute
77.8,40.0,38.8,24.4,75.62,6.96,184.19,jute
79.4,48.7,33.5,24.08,80.51,6.62,167.63,jute
98.2,56.6,41.4,25.64,70.82,6.51,170.3,jute
78.1,45.1,32.3,24.89,79.13,7.23,167.12,jute
73.0,34.1,39.1,25.4,75.66,7.39,172.43,jute
81.2,40.7,40.9,22.52,79.58,6.97,188.59,jute
71.8,48.3,41.7,24.94,74.9,6.03,178.47,jute
78.8,44.7,42.3,24.46,73.54,6.17,163.71,jute
99.1,51.1,40.6,24.32,76.76,7.1,170.09,jute
84.6,45.8,45.8,25.24,81.24,6.57,185.58,jute
77.5,48.1,44.9,23.46,78.11,6.88,180.2,jute
76.4,57.9,36.1,25.96,81.15,7.32,159.12,jute
73.0,55.0,34.4,22.89,76.04,6.81,190.92,jute
78.5,44.5,40.9,24.97,78.82,6.7,155.45,jute
72.7,54.6,40.6,24.18,80.85,6.41,172.75,jute
81.1,45.3,40.3,24.31,73.3,6.8,161.72,jute
81.3,54.4,39.2,23.33,77.12,6.5,180.95,jute
78.8,56.0,43.5,24.35,79.65,6.63,175.34,jute
77.1,51.3,44.3,25.3,80.27,7.03,180.51,jute
70.9,56.0,45.4,24.27,76.39,6.93,180.51,jute
78.4,41.2,40.9,25.05,79.68,6.85,172.29,jute
88.0,47.8,38.6,24.32,72.26,6.7,181.88,jute
82.7,55.1,39.2,24.99,79.88,7.45,176.45,jute
71.6,51.7,45.6,24.18,80.02,7.12,185.17,jute
81.0,44.0,39.8,24.96,80.22,6.85,171.2,jute
84.4,51.8,41.1,23.66,76.96,7.03,161.17,jute
63.3,55.0,41.5,25.11,74.27,6.97,177.75,jute
67.3,54.6,40.5,24.1,76.37,6.15,180.93,jute
82.1,46.5,43.8,23.12,75.71,6.49,172.21,jute
80.5,49.7,39.0,23.62,82.56,7.47,176.43,jute
73.9,54.9,35.7,24.17,75.41,6.4,172.2,jute
73.1,47.6,40.1,23.88,76.39,6.68,183.1,jute
78.8,51.6,41.8,25.07,81.66,6.41,170.27,jute
94.1,46.2,31.6,24.3,77.9,5.96,188.34,jute
74.3,49.1,39.3,23.21,74.29,6.47,185.86,jute
78.8,44.9,37.2,25.7,81.89,7.11,179.92,jute
82.3,41.4,39.3,23.82,72.02,7.07,168.04,jute
89.6,51.9,41.7,25.11,75.65,7.31,175.43,jute
82.4,44.3,37.2,24.98,78.15,6.51,160.62,jute
69.8,53.5,38.2,24.16,81.85,6.41,167.73,jute
73.8,55.6,46.0,25.25,79.85,6.58,194.47,jute
82.1,51.8,39.7,24.23,82.49,6.91,189.51,jute
82.0,43.3,38.2,24.6,75.62,6.42,187.01,jute
75.6,48.2,40.9,23.91,81.85,6.41,177.62,jute
82.0,47.2,36.1,25.37,79.73,6.55,182.07,jute
83.0,41.1,37.4,25.64,78.43,6.58,166.42,jute
75.9,45.3,37.5,22.76,80.92,7.04,162.27,jute
81.1,43.0,39.2,24.16,76.22,7.35,170.6,jute
73.5,43.7,43.1,22.85,75.21,7.18,177.44,jute
81.5,58.2,40.7,23.79,76.65,6.41,187.56,jute
84.6,53.1,43.6,24.09,74.67,6.73,166.27,jute
81.3,53.2,39.5,24.65,77.22,6.99,168.32,jute
62.4,49.9,43.0,24.95,75.58,6.41,179.94,jute
81.1,46.9,45.5,23.55,82.83,6.76,156.64,jute
78.6,52.3,38.9,23.03,77.01,6.49,179.92,jute
86.2,42.2,37.9,25.26,74.92,6.43,163.21,jute
82.8,49.0,37.9,24.51,82.08,6.46,155.48,jute
83.6,46.9,37.9,25.15,80.02,6.09,168.47,jute
98.5,50.4,42.0,25.67,77.55,6.99,182.18,jute
84.3,45.9,40.5,23.91,77.54,6.4,167.09,jute
77.7,42.8,38.5,24.34,78.71,7.03,170.36,jute
90.7,52.2,41.5,24.65,78.46,7.11,187.24,jute
90.7,47.7,41.7,25.84,75.63,6.65,175.16,jute
87.2,52.1,39.3,22.99,78.24,6.47,160.1,jute
69.9,49.1,44.1,24.54,78.13,7.1,159.56,jute
84.2,47.4,41.7,24.02,75.05,6.79,191.49,jute
86.9,45.0,36.0,22.82,81.45,6.46,171.74,jute
90.6,39.4,44.5,24.25,74.05,6.68,167.77,jute
83.5,44.3,34.3,24.28,73.43,6.81,163.13,jute
76.1,48.4,39.4,24.75,79.54,6.4,174.36,jute
53.4,48.7,39.1,23.52,78.45,7.1,170.24,jute
72.4,48.3,36.0,23.84,81.17,6.77,156.21,jute
65.6,48.3,42.6,22.88,78.85,7.15,193.88,jute
82.6,50.0,33.6,26.6,75.77,6.47,172.45,jute
92.1,58.5,40.4,25.5,77.63,6.44,189.77,jute
75.0,55.2,43.9,25.11,82.99,7.42,173.25,jute
73.5,38.2,46.7,24.06,80.91,6.53,190.38,jute
74.4,41.5,39.4,23.97,79.29,6.73,181.28,jute
77.7,44.2,38.2,26.54,78.18,6.15,169.8,jute
80.8,56.7,43.1,23.58,84.76,6.74,187.46,jute
70.8,35.5,35.8,21.25,83.84,6.81,165.75,jute
83.6,48.4,41.9,25.71,76.63,6.49,183.28,jute
86.4,48.0,46.5,24.06,74.8,6.88,168.25,jute
84.0,43.3,38.8,26.39,76.28,6.51,186.71,jute
71.6,44.0,41.7,25.44,81.16,6.53,180.96,jute
76.3,44.5,43.6,23.95,78.33,6.8,164.29,jute
87.7,50.3,34.0,24.78,75.18,7.08,160.55,jute
97.1,28.9,30.1,26.64,52.94,7.1,165.38,coffee
110.9,31.0,30.0,23.57,55.81,7.08,178.28,coffee
95.0,16.2,29.6,25.07,56.75,6.76,170.64,coffee
107.9,29.3,26.4,24.99,64.41,6.71,163.02,coffee
102.9,29.2,25.2,25.14,57.39,6.98,158.22,coffee
86.8,29.2,28.4,23.67,55.0,6.76,176.38,coffee
103.9,30.0,30.9,25.65,59.59,5.87,159.17,coffee
91.6,32.2,29.7,25.55,52.98,6.91,166.91,coffee
104.5,24.2,28.5,25.84,55.42,6.73,125.09,coffee
96.1,34.7,30.9,25.75,63.46,5.9,145.27,coffee
96.8,30.9,31.8,24.2,60.49,6.48,175.67,coffee
91.7,27.0,29.0,27.08,55.93,6.59,165.1,coffee
104.4,31.0,30.4,24.87,56.45,6.61,161.24,coffee
98.8,27.6,27.0,26.5,58.04,6.9,157.5,coffee
86.1,26.1,29.6,26.61,51.29,6.61,165.21,coffee
94.7,27.8,28.7,24.41,56.27,6.39,167.75,coffee
94.1,23.9,33.5,26.94,51.92,6.37,161.14,coffee
102.6,21.5,32.3,26.74,58.95,7.01,164.28,coffee
103.6,33.7,32.2,24.24,59.4,6.4,165.06,coffee
103.8,22.0,29.8,25.9,56.19,6.69,169.59,coffee
99.8,28.4,32.8,26.21,58.1,6.31,167.57,coffee
102.6,32.6,30.1,22.78,52.4,6.82,148.95,coffee
103.5,28.0,29.7,25.36,54.9,6.6,148.73,coffee
97.0,26.2,29.5,26.88,57.11,6.91,180.57,coffee
106.8,29.6,30.7,26.8,57.77,6.9,166.71,coffee
97.1,31.1,30.2,25.34,56.07,6.65,172.45,coffee
107.1,28.9,31.2,27.41,57.05,6.27,177.02,coffee
95.8,24.7,26.4,26.36,52.64,6.37,166.32,coffee
105.8,24.9,29.7,24.19,55.85,6.68,149.98,coffee
98.0,21.6,32.3,26.27,59.88,6.99,145.12,coffee
97.1,19.9,36.3,25.28,60.62,6.23,172.45,coffee
114.9,27.3,28.0,25.29,50.82,6.59,169.81,coffee
99.7,26.4,31.1,26.41,52.52,6.63,194.04,coffee
89.3,27.2,33.9,27.16,55.96,6.66,157.47,coffee
94.0,27.2,29.4,25.67,55.25,6.22,156.88,coffee
113.7,27.8,29.3,26.63,57.03,7.16,157.44,coffee
105.6,24.5,31.0,25.91,57.33,6.45,147.93,coffee
102.3,30.0,29.7,25.93,57.39,6.63,154.49,coffee
100.1,38.3,30.6,26.47,58.81,6.52,176.91,coffee
97.7,31.7,29.3,24.06,58.6,6.27,165.53,coffee
90.4,26.2,27.1,29.74,52.54,6.6,174.65,coffee
108.3,30.9,29.4,27.53,60.24,6.66,161.11,coffee
97.6,23.9,32.5,27.47,54.85,6.55,155.35,coffee
99.7,27.8,31.9,24.38,54.96,6.97,150.56,coffee
89.9,25.6,29.3,27.83,60.27,6.94,169.8,coffee
107.6,24.7,29.6,24.02,56.87,6.81,159.52,coffee
110.5,22.9,31.0,23.63,57.78,6.82,154.28,coffee
104.4,23.7,26.7,26.34,62.73,6.3,175.83,coffee
100.3,22.2,27.7,25.52,56.29,6.21,132.09,coffee
93.2,28.3,30.0,24.75,58.11,6.91,163.41,coffee
99.0,31.2,28.1,25.16,56.9,6.23,151.2,coffee
83.4,35.1,28.1,27.88,57.61,6.77,150.17,coffee
101.7,30.1,31.3,26.66,56.4,6.46,133.59,coffee
104.2,31.8,33.2,25.96,55.2,6.09,173.13,coffee
85.6,26.1,29.6,25.4,57.61,6.64,121.27,coffee
100.1,18.6,31.5,24.67,51.03,6.36,148.95,coffee
109.5,28.3,30.7,27.27,57.21,6.83,167.76,coffee
89.7,33.4,27.2,26.88,52.95,6.78,185.43,coffee
98.3,26.5,31.2,25.01,62.95,6.66,152.7,coffee
95.7,23.8,28.7,24.97,56.04,6.4,188.98,coffee
91.8,28.1,31.2,26.45,57.32,6.53,164.27,coffee
102.1,26.5,26.9,24.8,54.06,6.4,158.0,coffee
102.9,34.6,28.9,26.66,58.42,6.99,166.14,coffee
91.9,20.6,30.6,24.71,54.56,6.22,159.91,coffee
112.1,25.9,31.2,25.35,53.63,6.82,141.08,coffee
100.2,26.1,31.8,23.91,58.67,6.35,149.83,coffee
70.9,35.9,31.1,24.35,54.13,6.45,168.25,coffee
84.9,26.9,33.5,23.8,57.74,7.26,166.98,coffee
101.0,29.5,29.2,27.45,56.3,6.01,151.63,coffee
92.3,26.4,29.5,27.3,59.59,6.68,157.46,coffee
91.5,18.8,30.2,26.69,57.17,6.44,164.47,coffee
99.3,34.2,32.5,26.94,59.77,6.21,167.44,coffee
103.0,29.9,31.0,26.18,65.6,6.58,171.55,coffee
96.2,30.7,31.9,26.05,62.51,6.33,150.19,coffee
101.7,31.0,30.4,27.43,55.51,6.26,162.12,coffee
99.4,29.7,29.9,24.99,57.28,6.61,152.93,coffee
98.4,25.9,31.7,25.79,64.27,6.65,149.24,coffee
121.4,29.2,32.0,26.39,59.37,6.76,140.97,coffee
102.9,22.2,29.7,24.41,58.57,6.7,164.72,coffee
102.3,25.1,29.5,26.88,60.7,6.26,134.54,coffee
94.2,31.7,32.4,24.11,58.42,7.15,163.73,coffee
111.4,31.5,28.2,25.22,57.6,6.63,171.24,coffee
103.3,15.8,27.4,22.22,58.03,6.67,161.75,coffee
92.3,30.2,31.4,23.62,53.1,6.6,184.38,coffee
113.6,29.8,28.5,26.83,56.14,6.37,125.34,coffee
100.8,25.0,30.2,22.05,58.01,5.87,173.82,coffee
104.2,26.4,31.1,24.03,57.72,6.84,111.09,coffee
96.4,27.4,29.6,27.69,54.13,6.41,128.76,coffee
112.1,26.5,29.1,25.42,59.41,6.7,197.22,coffee
103.6,25.6,28.9,24.91,52.99,6.61,169.25,coffee
95.1,24.3,33.0,23.36,51.3,6.25,134.39,coffee
103.1,26.1,29.6,27.23,55.43,6.83,180.17,coffee
96.4,30.4,29.5,26.89,52.79,6.11,151.63,coffee
92.9,25.4,29.6,26.58,56.28,6.35,152.23,coffee
93.8,23.8,26.8,25.6,55.79,6.89,135.79,coffee
95.7,34.8,28.1,25.15,53.85,6.2,180.71,coffee
101.4,28.0,26.6,26.04,60.97,6.94,167.52,coffee
91.0,28.8,31.3,22.81,54.14,6.87,170.64,coffee
87.6,30.7,30.2,26.67,55.6,6.79,170.16,coffee
97.2,27.6,28.7,27.98,57.14,6.32,146.76,coffee
